MA010120220800580948,사랑수선,"",S2,수리·개인,S206,기타 가정용품 수리,S20601,의류/이불 수선업,S95391,의복 및 기타 가정용 직물제품 수리업,11,서울특별시,11410,서대문구,11410585,신촌동,1141011600,창천동,1141011600100200041,1,대지,20,41,서울특별시 서대문구 창천동 20-41,114103005057,서울특별시 서대문구 신촌로,121,,1141011600100200041030808,비,서울특별시 서대문구 신촌로 121,120833,03780,"","","",126.939293197951,37.5562057951181,POINT (126.939293197951 37.5562057951181)
MA010120220800582953,해성이지카,"",S2,수리·개인,S203,자동차 수리·세차,S20301,자동차 정비소,S95212,자동차 전문 수리업,11,서울특별시,11410,서대문구,11410660,홍은1동,1141011800,홍은동,1141011800100480005,1,대지,48,5,서울특별시 서대문구 홍은동 48-5,114103112012,서울특별시 서대문구 홍은중앙로,51,,1141011800100480005013042,외,서울특별시 서대문구 홍은중앙로 51,120101,03611,"","","",126.946530742856,37.5957359189671,POINT (126.946530742856 37.5957359189671)
MA010120220803620782,유선텔레콤,"",G2,소매,G208,가전·통신 소매,G20802,핸드폰 소매업,G47312,통신기기 소매업,11,서울특별시,11215,광진구,11215870,구의3동,1121510300,구의동,1121510300105460004,1,대지,546,4,서울특별시 광진구 구의동 546-4,112154112040,서울특별시 광진구 광나루로56길,85,,1121510300105460004009814,테크노마트,서울특별시 광진구 광나루로56길 85,143721,05116,A,6,"",127.095696795724,37.5357209382758,POINT (127.095696795724 37.5357209382758)
MA010120220800149572,유;우리,"",P1,교육,P106,기타 교육,P10629,그 외 기타 교육기관,P85699,그 외 기타 분류 안된 교육기관,11,서울특별시,11500,강서구,11500603,가양1동,1150010500,마곡동,1150010500107760000,1,대지,776,,서울특별시 강서구 마곡동 776,115004145568,서울특별시 강서구 마곡동로10길,23,,1150010500107760000000001,마곡파크뷰대방디엠시티오피스텔,서울특별시 강서구 마곡동로10길 23,157805,07791,"",1,"",126.839288211879,37.5686268557028,POINT (126.839288211879 37.5686268557028)
MA010120220800682497,식당제니와인과오일파스타,"",I2,음식,I204,서양식,I20402,파스타/스테이크,I56123,서양식 음식점업,11,서울특별시,11470,양천구,11470630,신정2동,1147010100,신정동,1147010100101200053,1,대지,120,53,서울특별시 양천구 신정동 120-53,114704142236,서울특별시 양천구 신목로6길,30,,1147010100101200053005698,"",서울특별시 양천구 신목로6길 30,158849,08009,"","","",126.875136607636,37.5210704515594,POINT (126.875136607636 37.5210704515594)
MA010120220801625983,진원엔지니어링주,"",M1,과학·기술,M109,기술 서비스,M10901,건축 설계 및 관련 서비스업,M72111,건축 설계 및 관련 서비스업,11,서울특별시,11215,광진구,11215750,중곡2동,1121510100,중곡동,1121510100101400008,1,대지,140,8,서울특별시 광진구 중곡동 140-8,112152000008,서울특별시 광진구 천호대로,585,,1121510100101400008002503,"",서울특별시 광진구 천호대로 585,143891,04930,"",3,"",127.083273718407,37.556137975855,POINT (127.083273718407 37.556137975855)
MA010120220803381511,글로벌코어,"",G2,소매,G215,의약·화장품 소매,G21503,화장품 소매업,G47813,화장품; 비누 및 방향제 소매업,11,서울특별시,11560,영등포구,11560540,여의동,1156011000,여의도동,1156011000100450003,1,대지,45,3,서울특별시 영등포구 여의도동 45-3,115604154067,서울특별시 영등포구 국제금융로8길,27,8,1156011000100450003037298,"",서울특별시 영등포구 국제금융로8길 27-8,150998,07332,"",4,"",126.928395682336,37.5194659128485,POINT (126.928395682336 37.5194659128485)
MA010120220800611374,리얼망고,"",P1,교육,P107,교육 지원,P10799,기타 교육지원 서비스업,P85709,기타 교육지원 서비스업,11,서울특별시,11650,서초구,11650560,반포1동,1165010700,반포동,1165010700107450000,1,대지,745,,서울특별시 서초구 반포동 745,116502121001,서울특별시 서초구 사평대로,335,,1165010700107450000018539,금성빌딩,서울특별시 서초구 사평대로 335,137810,06543,"","","",127.019746351082,37.5034300693361,POINT (127.019746351082 37.5034300693361)
MA010120220800678796,완백부대찌개,"",I2,음식,I201,한식,I20102,국/탕/찌개류,I56111,한식 일반 음식점업,11,서울특별시,11560,영등포구,11560540,여의동,1156011000,여의도동,1156011000100250000,1,대지,25,,서울특별시 영등포구 여의도동 25,115604154064,서울특별시 영등포구 국제금융로2길,17,,1156011000100250000031248,씨티프라자,서울특별시 영등포구 국제금융로2길 17,150878,07327,"",2,"",126.92602695195,37.5240685763626,POINT (126.92602695195 37.5240685763626)
MA010120220803557749,아미건축사사무소,"",M1,과학·기술,M109,기술 서비스,M10901,건축 설계 및 관련 서비스업,M72111,건축 설계 및 관련 서비스업,11,서울특별시,11740,강동구,11740560,고덕2동,1174010200,고덕동,1174010200101890005,1,대지,189,5,서울특별시 강동구 고덕동 189-5,117404172150,서울특별시 강동구 상일로17길,28,,1174010200101890005017868,에스씨빌,서울특별시 강동구 상일로17길 28,134801,05222,"",1,"",127.169337916841,37.5589831575878,POINT (127.169337916841 37.5589831575878)
MA010120220800287368,12체어,"",I2,음식,I204,서양식,I20401,경양식,I56123,서양식 음식점업,11,서울특별시,11170,용산구,11170650,이태원1동,1117013000,이태원동,1117013000100660002,1,대지,66,2,서울특별시 용산구 이태원동 66-2,111704106127,서울특별시 용산구 보광로59길,36,,1117013000100660002000001,"",서울특별시 용산구 보광로59길 36,140863,04391,"",지,"",126.992012254078,37.5339574402764,POINT (126.992012254078 37.5339574402764)
MA010120220800287590,장원,"",I2,음식,I201,한식,I20101,백반/한정식,I56111,한식 일반 음식점업,11,서울특별시,11170,용산구,11170570,원효로2동,1117011800,원효로4가,1117011800100990009,1,대지,99,9,서울특별시 용산구 원효로4가 99-9,111704106233,서울특별시 용산구 원효로19길,34,,1117011800100990009018016,동,서울특별시 용산구 원효로19길 34,140850,04362,"",1,"",126.953725900131,37.5331197236556,POINT (126.953725900131 37.5331197236556)
MA010120220800288228,나인로드,"",I2,음식,I211,주점,I21104,요리 주점,I56219,기타 주점업,11,서울특별시,11170,용산구,11170555,청파동,1117010800,서계동,1117010800102350014,1,대지,235,14,서울특별시 용산구 서계동 235-14,111704106392,서울특별시 용산구 청파로89길,56,,1117010800102350014021191,"",서울특별시 용산구 청파로89길 56,140830,04300,"",1,"",126.966026326041,37.5533153010085,POINT (126.966026326041 37.5533153010085)
MA010120220800290170,봉이네맛집,"",I2,음식,I202,중식,I20201,중국집,I56121,중식 음식점업,11,서울특별시,11170,용산구,11170530,남영동,1117010500,남영동,1117010500100880003,1,대지,88,3,서울특별시 용산구 남영동 88-3,111702005005,서울특별시 용산구 한강대로,264,,1117010500100880003024087,"",서울특별시 용산구 한강대로 264,140160,04352,"","","",126.973194105446,37.5418384208196,POINT (126.973194105446 37.5418384208196)
MA010120220808355409,혜인,"",S2,수리·개인,S207,이용·미용,S20701,미용실,S96112,두발 미용업,11,서울특별시,11680,강남구,11680640,역삼1동,1168010100,역삼동,1168010100107360001,1,대지,736,1,서울특별시 강남구 역삼동 736-1,116803122010,서울특별시 강남구 테헤란로,142,,1168010100107360001023747,캐피탈타워,서울특별시 강남구 테헤란로 142,135983,06236,"",1,"",127.034955885072,37.4997504439592,POINT (127.034955885072 37.4997504439592)
MA010120220810309835,아이올라드레스,"",N1,시설관리·임대,N110,가정용품 대여,N11004,의류 대여업,N76292,의류 임대업,11,서울특별시,11650,서초구,11650530,서초3동,1165010800,서초동,1165010800114600020,1,대지,1460,20,서울특별시 서초구 서초동 1460-20,116504163248,서울특별시 서초구 반포대로9길,8,,1165010800114600020022086,"",서울특별시 서초구 반포대로9길 8,137867,06710,"","","",127.011136849635,37.4833117054309,POINT (127.011136849635 37.4833117054309)
MA010120220810356884,제이씨에스컨설팅,"",L1,부동산,L102,부동산 서비스,L10203,부동산 중개/대리업,L68221,부동산 중개 및 대리업,11,서울특별시,11545,금천구,11545510,가산동,1154510100,가산동,1154510100100600048,1,대지,60,48,서울특별시 금천구 가산동 60-48,115454151195,서울특별시 금천구 디지털로9길,41,,1154510100100600048014487,삼성IT해링턴타워,서울특별시 금천구 디지털로9길 41,153801,08511,"",1,"",126.885890319437,37.4791935785465,POINT (126.885890319437 37.4791935785465)
MA010120220808354870,현대홈타운공인중개사사무소,"",L1,부동산,L102,부동산 서비스,L10203,부동산 중개/대리업,L68221,부동산 중개 및 대리업,11,서울특별시,11215,광진구,11215710,화양동,1121510700,화양동,1121510700100370017,1,대지,37,17,서울특별시 광진구 화양동 37-17,112154112308,서울특별시 광진구 아차산로21길,54,,1121510700100370017017319,"",서울특별시 광진구 아차산로21길 54,143917,05014,"",1,"",127.066196504686,37.5442465976716,POINT (127.066196504686 37.5442465976716)
MA010120220809723675,디자연체형관리,"",S2,수리·개인,S208,욕탕·신체관리,S20803,체형/비만 관리,S96129,체형 등 기타 신체 관리 서비스업,11,서울특별시,11530,구로구,11530550,구로4동,1153010200,구로동,1153010200101470001,1,대지,147,1,서울특별시 구로구 구로동 147-1,115303116005,서울특별시 구로구 구로중앙로,4,,1153010200101470001016840,형진빌딩,서울특별시 구로구 구로중앙로 4,152054,08305,"",2,"",126.892905863597,37.4908772092913,POINT (126.892905863597 37.4908772092913)
MA010120220808012410,팀엑스,"",M1,과학·기술,M105,광고,M10599,기타 광고 관련 서비스업,M71399,그 외 기타 광고 관련 서비스업,11,서울특별시,11680,강남구,11680640,역삼1동,1168010100,역삼동,1168010100106770025,1,대지,677,25,서울특별시 강남구 역삼동 677-25,116803122010,서울특별시 강남구 테헤란로,223,,1168010100106770025026369,큰길타워,서울특별시 강남구 테헤란로 223,135914,06142,"",9,"",127.040668327309,37.5023975728701,POINT (127.040668327309 37.5023975728701)
MA010120220808731995,코투스애드,"",M1,과학·기술,M105,광고,M10504,광고물 설계/제작업,M71393,광고물 문안; 도안; 설계 등 작성업,11,서울특별시,11650,서초구,11650560,반포1동,1165010700,반포동,1165010700107080006,1,대지,708,6,서울특별시 서초구 반포동 708-6,116504163337,서울특별시 서초구 사평대로57길,135,,1165010700107080006018060,진빌딩,서울특별시 서초구 사평대로57길 135,137808,06535,"",5,"",127.020630255721,37.5098450745575,POINT (127.020630255721 37.5098450745575)
MA010120220809837831,동승코퍼레이션,"",N1,시설관리·임대,N110,가정용품 대여,N11099,기타 개인/가정용품 대여업,N76299,그 외 기타 개인 및 가정용품 임대업,11,서울특별시,11110,종로구,11110630,종로5.6가동,1111016400,종로6가,1111016400102620001,1,대지,262,1,서울특별시 종로구 종로6가 262-1,111103100013,서울특별시 종로구 종로,266,,1111016400102700003012054,동대문종합시장,서울특별시 종로구 종로 266,110784,03198,에이,6,"",127.007323809304,37.570700186669,POINT (127.007323809304 37.570700186669)
MA010120220809838195,킴스,"",G2,소매,G204,종합 소매,G20405,편의점,G47122,체인화 편의점,11,서울특별시,11350,노원구,11350640,상계2동,1135010500,상계동,1135010500103330000,1,대지,333,,서울특별시 노원구 상계동 333,113503110003,서울특별시 노원구 상계로,74,,1135010500103330000006809,"",서울특별시 노원구 상계로 74,139816,01695,"",1,"",127.063122506143,37.656043202467,POINT (127.063122506143 37.656043202467)
MA010120220809842236,선수촌부동산공인중개사사무소,"",L1,부동산,L102,부동산 서비스,L10203,부동산 중개/대리업,L68221,부동산 중개 및 대리업,11,서울특별시,11710,송파구,11710566,오륜동,1171011100,방이동,1171011100100890011,1,대지,89,11,서울특별시 송파구 방이동 89-11,117102000006,서울특별시 송파구 양재대로,1222,,1171011100100890011015454,올림픽선수기자촌아파트,서울특별시 송파구 양재대로 1222,138151,05648,"",1,"",127.131064412778,37.5157297971983,POINT (127.131064412778 37.5157297971983)
MA010120220809843717,더애틋스냅,"",M1,과학·기술,M113,사진 촬영,M11301,사진촬영업,M73301,인물 사진 및 행사용 영상 촬영업,11,서울특별시,11380,은평구,11380600,응암3동,1138010700,응암동,1138010700105840056,1,대지,584,56,서울특별시 은평구 응암동 584-56,113804133096,서울특별시 은평구 불광천길,410,26,1138010700105840056019631,"",서울특별시 은평구 불광천길 410-26,122923,03457,"","","",126.916074948337,37.5919610579487,POINT (126.916074948337 37.5919610579487)
MA010120220809723353,금성아이피,"",I2,음식,I201,한식,I20101,백반/한정식,I56111,한식 일반 음식점업,11,서울특별시,11680,강남구,11680675,개포3동,1168010300,개포동,1168010300100130003,1,대지,13,3,서울특별시 강남구 개포동 13-3,116803122001,서울특별시 강남구 개포로,623,,1168010300100130003019067,대청타워,서울특별시 강남구 개포로 623,135989,06336,"",1,"",127.079654311412,37.49434074324,POINT (127.079654311412 37.49434074324)
MA010120220810440861,비피아노,"",I2,음식,I211,주점,I21104,요리 주점,I56219,기타 주점업,11,서울특별시,11680,강남구,11680531,논현2동,1168010800,논현동,1168010800101020023,1,대지,102,23,서울특별시 강남구 논현동 102-23,116803122006,서울특별시 강남구 선릉로,731,,1168010800101020023005350,"",서울특별시 강남구 선릉로 731,135820,06056,"",6,"",127.040089503544,37.5197150748586,POINT (127.040089503544 37.5197150748586)
MA010120220800952171,아성고시원,"",I1,숙박,I102,기타 숙박,I10201,기숙사/고시원,I55901,기숙사 및 고시원 운영업,11,서울특별시,11620,관악구,11620665,서림동,1162010200,신림동,1162010200101030215,1,대지,103,215,서울특별시 관악구 신림동 103-215,116204160448,서울특별시 관악구 서림11가길,9,,1162010200101030215018811,"",서울특별시 관악구 서림11가길 9,151856,08840,"","","",126.940774928206,37.4714040616506,POINT (126.940774928206 37.4714040616506)
MA010120220808213744,웨이루쿼쿠이,중앙대점,G2,소매,G204,종합 소매,G20404,슈퍼마켓,G47216,빵류; 과자류 및 당류 소매업,11,서울특별시,11590,동작구,11590605,흑석동,1159010500,흑석동,1159010500101900003,1,대지,190,3,서울특별시 동작구 흑석동 190-3,115903119010,서울특별시 동작구 흑석로,95,1,1159010500101900003016283,"",서울특별시 동작구 흑석로 95-1,156861,06910,"",1,"",126.960244971061,37.5075966843683,POINT (126.960244971061 37.5075966843683)
MA010120220810578866,헤어민트,"",S2,수리·개인,S207,이용·미용,S20701,미용실,S96112,두발 미용업,11,서울특별시,11530,구로구,11530730,고척2동,1153010600,고척동,1153010600103310000,1,대지,331,,서울특별시 구로구 고척동 331,115304148463,서울특별시 구로구 중앙로15길,125,,1153010600103310000011052,삼익2단지,서울특별시 구로구 중앙로15길 125,152799,08239,상가,"","",126.852651573326,37.5077907842557,POINT (126.852651573326 37.5077907842557)
MA010120220810579267,메리랩,"",P1,교육,P106,기타 교육,P10625,기타 기술/직업 훈련학원,P85669,기타 기술 및 직업 훈련학원,11,서울특별시,11215,광진구,11215750,중곡2동,1121510100,중곡동,1121510100100410029,1,대지,41,29,서울특별시 광진구 중곡동 41-29,112154112160,서울특별시 광진구 능동로44길,5,,1121510100100410029000476,우측호,서울특별시 광진구 능동로44길 5,143885,04921,"",1,"",127.082056662722,37.5609051017357,POINT (127.082056662722 37.5609051017357)
MA010120220810581211,꼬치랑,"",I2,음식,I211,주점,I21104,요리 주점,I56219,기타 주점업,11,서울특별시,11500,강서구,11500590,화곡본동,1150010300,화곡동,1150010300100980059,1,대지,98,59,서울특별시 강서구 화곡동 98-59,115003005069,서울특별시 강서구 화곡로,194,48,1150010300100980232016868,"",서울특별시 강서구 화곡로 194-48,157871,07727,"",1,"",126.843134555815,37.5426923330317,POINT (126.843134555815 37.5426923330317)
MA010120220810219472,만복국수종로,3가점,I2,음식,I201,한식,I20105,국수/칼국수,I56111,한식 일반 음식점업,11,서울특별시,11110,종로구,11110615,종로1.2.3.4가동,1111013700,낙원동,1111013700102250000,1,대지,225,,서울특별시 종로구 낙원동 225,111103005006,서울특별시 종로구 수표로,121,1,1111013700102250000017676,"",서울특별시 종로구 수표로 121-1,110320,03140,"",1,"",126.988782025298,37.5720874134716,POINT (126.988782025298 37.5720874134716)
MA010120220800053348,벽지할인매장인테리어하우스,"",M1,과학·기술,M112,전문 디자인,M11201,인테리어 디자인업,F42412,도배; 실내 장식 및 내장 목공사업,11,서울특별시,11380,은평구,11380520,불광1동,1138010300,불광동,1138010300102480000,1,대지,248,,서울특별시 은평구 불광동 248,113803000008,서울특별시 은평구 통일로,780,,1138010300102480000038867,라이프미성아파트,서울특별시 은평구 통일로 780,122751,03356,"",1,"",126.928575216592,37.6158275006405,POINT (126.928575216592 37.6158275006405)
MA010120220800890770,해조활어회,"",I2,음식,I201,한식,I20111,횟집,I56114,한식 해산물 요리 전문점,11,서울특별시,11470,양천구,11470650,신정4동,1147010100,신정동,1147010100109690019,1,대지,969,19,서울특별시 양천구 신정동 969-19,114704142382,서울특별시 양천구 중앙로46길,5,,1147010100109690019003126,"",서울특별시 양천구 중앙로46길 5,158859,08026,"","","",126.85278152855,37.5222430352652,POINT (126.85278152855 37.5222430352652)
MA010120220801876664,엘지공인중개사사무소,"",L1,부동산,L102,부동산 서비스,L10203,부동산 중개/대리업,L68221,부동산 중개 및 대리업,11,서울특별시,11110,종로구,11110710,숭인2동,1111017500,숭인동,1111017500110610000,1,대지,1061,,서울특별시 종로구 숭인동 1061,111104100204,서울특별시 종로구 숭인동길,14,,1111017500110610000001486,"",서울특별시 종로구 숭인동길 14,110827,03111,"",1,"",127.021757782582,37.5756088311681,POINT (127.021757782582 37.5756088311681)
MA010120220802835446,삼성부동산중개사무소,"",L1,부동산,L102,부동산 서비스,L10203,부동산 중개/대리업,L68221,부동산 중개 및 대리업,11,서울특별시,11650,서초구,11650610,방배2동,1165010100,방배동,1165010100125250000,1,대지,2525,,서울특별시 서초구 방배동 2525,116502000004,서울특별시 서초구 과천대로,946,,1165010100125250000013443,방배우성아파트,서울특별시 서초구 과천대로 946,137753,06760,상가,"","",126.982149097709,37.4750035760456,POINT (126.982149097709 37.4750035760456)
MA010120220800316121,세븐이태원점주,코리아,G2,소매,G204,종합 소매,G20405,편의점,G47122,체인화 편의점,11,서울특별시,11170,용산구,11170650,이태원1동,1117013000,이태원동,1117013000100360021,1,대지,36,21,서울특별시 용산구 이태원동 36-21,111704106005,서울특별시 용산구 녹사평대로26길,30,,1117013000100360021010515,"",서울특별시 용산구 녹사평대로26길 30,140863,04392,"","","",126.991741028945,37.5311192680058,POINT (126.991741028945 37.5311192680058)
MA010120220802946818,밸브라인테크,"",M1,과학·기술,M109,기술 서비스,M10999,기타 엔지니어링 서비스업,M72129,기타 엔지니어링 서비스업,11,서울특별시,11545,금천구,11545510,가산동,1154510100,가산동,1154510100104810002,1,대지,481,2,서울특별시 금천구 가산동 481-2,115453117001,서울특별시 금천구 가산디지털1로,233,,1154510100104810002015573,에이스하이엔드타워9차,서울특별시 금천구 가산디지털1로 233,153803,08501,"",4,"",126.87828212258,37.4857813664521,POINT (126.87828212258 37.4857813664521)
MA010120220803647554,광산식당,"",I2,음식,I201,한식,I20101,백반/한정식,I56111,한식 일반 음식점업,11,서울특별시,11260,중랑구,11260655,망우본동,1126010500,망우동,1126010500105130041,1,대지,513,41,서울특별시 중랑구 망우동 513-41,112603106002,서울특별시 중랑구 봉우재로,219,,1126010500105130041003836,"",서울특별시 중랑구 봉우재로 219,131809,02171,"","","",127.097075009377,37.5951314753511,POINT (127.097075009377 37.5951314753511)
MA010120220800315794,사랑의줄잇기,"",G2,소매,G204,종합 소매,G20404,슈퍼마켓,G47129,기타 음ㆍ식료품 위주 종합 소매업,11,서울특별시,11170,용산구,11170630,이촌1동,1117012900,이촌동,1117012900103000021,1,대지,300,21,서울특별시 용산구 이촌동 300-21,111704106295,서울특별시 용산구 이촌로84길,9,,1117012900103000021011327,유일빌딩,서울특별시 용산구 이촌로84길 9,140853,04426,"",5,"",126.977059785154,37.5184312161285,POINT (126.977059785154 37.5184312161285)
MA010120220800317743,엠에스씨통신,"",G2,소매,G208,가전·통신 소매,G20802,핸드폰 소매업,G47312,통신기기 소매업,11,서울특별시,11170,용산구,11170625,한강로동,1117012400,한강로1가,1117012400100180001,1,대지,18,1,서울특별시 용산구 한강로1가 18-1,111702005005,서울특별시 용산구 한강대로,198,,1117012400100180002014304,"",서울특별시 용산구 한강대로 198,140011,04353,"","","",126.974814169098,37.5359552464534,POINT (126.974814169098 37.5359552464534)
MA010120220800991869,207,"",I2,음식,I212,비알코올 ,I21201,카페,I56221,커피 전문점,11,서울특별시,11620,관악구,11620745,삼성동,1162010200,신림동,1162010200103420005,1,대지,342,5,서울특별시 관악구 신림동 342-5,116204160794,서울특별시 관악구 원신길,128,,1162010200103420005011781,"",서울특별시 관악구 원신길 128,151864,08846,"","","",126.93035585737,37.4672897716435,POINT (126.93035585737 37.4672897716435)
MA010120220800575467,엔씨파트너즈건축사사무소,"",M1,과학·기술,M109,기술 서비스,M10901,건축 설계 및 관련 서비스업,M72111,건축 설계 및 관련 서비스업,11,서울특별시,11710,송파구,11710650,잠실본동,1171010100,잠실동,1171010100103300001,1,대지,330,1,서울특별시 송파구 잠실동 330-1,117104169170,서울특별시 송파구 백제고분로18길,21,20,1171010100103300001001658,"",서울특별시 송파구 백제고분로18길 21-20,138867,05578,"","","",127.085261581477,37.5029234173974,POINT (127.085261581477 37.5029234173974)
MA010120220800152293,디에이치사운드,"",S2,수리·개인,S205,가전제품 수리,S20501,가전제품 수리업,S95310,가전제품 수리업,11,서울특별시,11320,도봉구,11320512,창2동,1132010700,창동,1132010700108040000,1,대지,804,,서울특별시 도봉구 창동 804,113204127065,서울특별시 도봉구 덕릉로63가길,61,,1132010700108040000017653,창동대우아파트,서울특별시 도봉구 덕릉로63가길 61,132784,01465,상가,"","",127.037334149118,37.6426115132009,POINT (127.037334149118 37.6426115132009)
MA010120220800990394,건축사사무소마니,"",M1,과학·기술,M109,기술 서비스,M10901,건축 설계 및 관련 서비스업,M72111,건축 설계 및 관련 서비스업,11,서울특별시,11680,강남구,11680650,역삼2동,1168010100,역삼동,1168010100107710007,1,대지,771,7,서울특별시 강남구 역삼동 771-7,116803122008,서울특별시 강남구 역삼로,246,,1168010100107710007024303,"",서울특별시 강남구 역삼로 246,135928,06226,"","","",127.043164907097,37.4975672945073,POINT (127.043164907097 37.4975672945073)
MA010120220800992146,현대홈마트,"",G2,소매,G204,종합 소매,G20404,슈퍼마켓,G47121,슈퍼마켓,11,서울특별시,11620,관악구,11620725,조원동,1162010200,신림동,1162010200105400001,1,대지,540,1,서울특별시 관악구 신림동 540-1,116204160190,서울특별시 관악구 남부순환로145길,29,,1162010200105400001007987,"",서울특별시 관악구 남부순환로145길 29,151876,08767,"","","",126.911731193057,37.4827927136153,POINT (126.911731193057 37.4827927136153)
MA010120220808057935,시래기밥상,"",I2,음식,I201,한식,I20101,백반/한정식,I56111,한식 일반 음식점업,11,서울특별시,11710,송파구,11710532,거여2동,1171011300,거여동,1171011300100320006,1,대지,32,6,서울특별시 송파구 거여동 32-6,117103123014,서울특별시 송파구 오금로,544,,1171011300100320006022480,"",서울특별시 송파구 오금로 544,138814,05774,"",1,"",127.149071450545,37.4926787636232,POINT (127.149071450545 37.4926787636232)
MA010120220811136644,홍성토종한우,"",G2,소매,G205,식료품 소매,G20503,정육점,G47212,육류 소매업,11,서울특별시,11215,광진구,11215860,구의2동,1121510300,구의동,1121510300100500026,1,대지,50,26,서울특별시 광진구 구의동 50-26,112154112455,서울특별시 광진구 자양로45길,14,,1121510300100500026007173,"",서울특별시 광진구 자양로45길 14,143817,04954,"",1,"",127.091496189099,37.5517980920679,POINT (127.091496189099 37.5517980920679)
MA010120220810993109,교촌치킨,"",I2,음식,I210,기타 간이,I21006,치킨,I56193,치킨 전문점,11,서울특별시,11410,서대문구,11410555,북아현동,1141011000,북아현동,1141011000110060000,1,대지,1006,,서울특별시 서대문구 북아현동 1006,114103112006,서울특별시 서대문구 북아현로,40,,1141011000110060000027122,경남아파트,서울특별시 서대문구 북아현로 40,120820,03755,101,"","",126.956266687329,37.560799377341,POINT (126.956266687329 37.560799377341)
MA010120220808004450,송가네감자탕,"",I2,음식,I201,한식,I20102,국/탕/찌개류,I56111,한식 일반 음식점업,11,서울특별시,11710,송파구,11710710,잠실6동,1171010200,신천동,1171010200100070000,1,대지,7,,서울특별시 송파구 신천동 7,117104169554,서울특별시 송파구 올림픽로35길,124,,1171010200100070000000265,장미1차,서울특별시 송파구 올림픽로35길 124,138796,05504,7,"","",127.097757878793,37.5198165729603,POINT (127.097757878793 37.5198165729603)
MA010120220808056698,개나리뜨개하우스,"",G2,소매,G209,섬유·의복·신발 소매,G20909,실/섬유제품 소매업,G47429,섬유 원단; 실 및 기타 섬유제품 소매업,11,서울특별시,11110,종로구,11110630,종로5.6가동,1111016400,종로6가,1111016400102620001,1,대지,262,1,서울특별시 종로구 종로6가 262-1,111103100013,서울특별시 종로구 종로,266,,1111016400102700003012054,동대문종합시장,서울특별시 종로구 종로 266,110784,03198,A,지,"",127.007323809304,37.570700186669,POINT (127.007323809304 37.570700186669)
MA010120220808057467,도깨비코인노래연습장,"",R1,예술·스포츠,R104,유원지·오락,R10407,노래방,R91223,노래 연습장 운영업,11,서울특별시,11200,성동구,11200520,왕십리2동,1120010200,하왕십리동,1120010200109660023,1,대지,966,23,서울특별시 성동구 하왕십리동 966-23,112004109274,서울특별시 성동구 무학봉28길,6,,1120010200109660023024066,금용빌딩,서울특별시 성동구 무학봉28길 6,133858,04714,"",1,"",127.032687387548,37.562136427268,POINT (127.032687387548 37.562136427268)
MA010120220809766661,스카이식당,"",I2,음식,I201,한식,I20101,백반/한정식,I56111,한식 일반 음식점업,11,서울특별시,11680,강남구,11680640,역삼1동,1168010100,역삼동,1168010100108270075,1,대지,827,75,서울특별시 강남구 역삼동 827-75,116804166754,서울특별시 강남구 테헤란로6길,39,,1168010100108270075024824,"",서울특별시 강남구 테헤란로6길 39,135935,06240,"",1,"",127.031595578591,37.4960572642077,POINT (127.031595578591 37.4960572642077)
MA010120220809796817,변호사조성우법률사무소,"",M1,과학·기술,M103,법무관련 ,M10301,변호사,M71101,변호사업,11,서울특별시,11170,용산구,11170625,한강로동,1117012800,한강로3가,1117012800100980000,1,대지,98,,서울특별시 용산구 한강로3가 98,111703102004,서울특별시 용산구 서빙고로,17,,1117012800100630070000001,센트럴파크,서울특별시 용산구 서빙고로 17,140013,04387,104,1,"",126.967712963232,37.5261416138765,POINT (126.967712963232 37.5261416138765)
MA010120220809133991,쿨&미피부미인,"",S2,수리·개인,S207,이용·미용,S20702,피부 관리실,S96113,피부 미용업,11,서울특별시,11410,서대문구,11410565,충현동,1141011000,북아현동,1141011000101800025,1,대지,180,25,서울특별시 서대문구 북아현동 180-25,114103112006,서울특별시 서대문구 북아현로,65,1,1141011000101800025024588,"",서울특별시 서대문구 북아현로 65-1,120818,03762,"",2,"",126.954895855983,37.563015313209,POINT (126.954895855983 37.563015313209)
MA010120220809879401,프로젝트158,"",M1,과학·기술,M112,전문 디자인,M11203,시각 디자인업,M73203,시각 디자인업,11,서울특별시,11590,동작구,11590550,상도3동,1159010200,상도동,1159010200102940009,1,대지,294,9,서울특별시 동작구 상도동 294-9,115904157029,서울특별시 동작구 국사봉길,87,13,1159010200102940009024145,호그랑빌,서울특별시 동작구 국사봉길 87-13,156844,07043,"","","",126.931731017787,37.4964652367536,POINT (126.931731017787 37.4964652367536)
MA010120220812054918,디코드,"",M1,과학·기술,M112,전문 디자인,M11201,인테리어 디자인업,M73201,인테리어 디자인업,11,서울특별시,11710,송파구,11710580,송파1동,1171010400,송파동,1171010400100900007,1,대지,90,7,서울특별시 송파구 송파동 90-7,117104169343,서울특별시 송파구 송파대로40길,3,,1171010400100900008013195,삼호빌딩,서울특별시 송파구 송파대로40길 3,138850,05667,"",1,"",127.109656570872,37.5033447836264,POINT (127.109656570872 37.5033447836264)
MA010120220812055609,힘어라운드,"",M1,과학·기술,M105,광고,M10501,광고 대행업,M71310,광고 대행업,11,서울특별시,11560,영등포구,11560620,양평2동,1156012900,양평동5가,1156012900100420000,1,대지,42,,서울특별시 영등포구 양평동5가 42,115603118017,서울특별시 영등포구 양평로,157,,1156012900100420000000001,선유도투웨니퍼스트밸리,서울특별시 영등포구 양평로 157,150105,07207,"",13,"",126.890313578971,37.5391956431023,POINT (126.890313578971 37.5391956431023)
MA010120220809783534,힐끗,"",S2,수리·개인,S207,이용·미용,S20701,미용실,S96112,두발 미용업,11,서울특별시,11440,마포구,11440660,서교동,1144012100,동교동,1144012100102030030,1,대지,203,30,서울특별시 마포구 동교동 203-30,114404139547,서울특별시 마포구 월드컵북로4길,29,,1144012100102030030129317,"",서울특별시 마포구 월드컵북로4길 29,121819,03992,"","","",126.92103657734,37.5576996623014,POINT (126.92103657734 37.5576996623014)
MA010120220809785382,여기에사진관,"",M1,과학·기술,M113,사진 촬영,M11301,사진촬영업,M73301,인물 사진 및 행사용 영상 촬영업,11,서울특별시,11230,동대문구,11230710,회기동,1123010800,회기동,1123010800100450115,1,대지,45,115,서울특별시 동대문구 회기동 45-115,112304115697,서울특별시 동대문구 회기로23길,8,,1123010800100450115010757,"",서울특별시 동대문구 회기로23길 8,130872,02452,"",1,"",127.054122662048,37.591104523656,POINT (127.054122662048 37.591104523656)
MA010120220812297873,잼라운지,"",I2,음식,I204,서양식,I20401,경양식,I56123,서양식 음식점업,11,서울특별시,11680,강남구,11680640,역삼1동,1168010100,역삼동,1168010100106970044,1,대지,697,44,서울특별시 강남구 역삼동 697-44,116804166744,서울특별시 강남구 테헤란로51길,16,,1168010100106970044022236,지산빌딩,서울특별시 강남구 테헤란로51길 16,135917,06148,"",2,"",127.046516928486,37.5051074410863,POINT (127.046516928486 37.5051074410863)
MA010120220809980315,집수리아저씨,"",S2,수리·개인,S206,기타 가정용품 수리,S20699,그 외 기타 개인/가정용품 수리업,S95399,그 외 기타 개인 및 가정용품 수리업,11,서울특별시,11530,구로구,11530780,오류2동,1153010800,오류동,1153010800101560015,1,대지,156,15,서울특별시 구로구 오류동 156-15,115303116009,서울특별시 구로구 오류로,62,15,1153010800101560015002133,현대연립,서울특별시 구로구 오류로 62-15,152781,08343,11,2,"",126.840409618337,37.4886014824313,POINT (126.840409618337 37.4886014824313)
MA010120220809132629,케이텍오에이,"",G2,소매,G208,가전·통신 소매,G20801,컴퓨터/소프트웨어 소매업,G47311,컴퓨터 및 주변장치; 소프트웨어 소매업,11,서울특별시,11305,강북구,11305625,수유2동,1130510300,수유동,1130510300102660018,1,대지,266,18,서울특별시 강북구 수유동 266-18,113054124584,서울특별시 강북구 한천로161길,30,,1130510300102660018010723,"",서울특별시 강북구 한천로161길 30,142879,01039,"","","",127.017936990105,37.645670392788,POINT (127.017936990105 37.645670392788)
MA010120220809812478,골프존아카데미,"",R1,예술·스포츠,R103,스포츠 서비스,R10311,골프 연습장,R91136,골프 연습장 운영업,11,서울특별시,11680,강남구,11680590,삼성2동,1168010500,삼성동,1168010500101430039,1,대지,143,39,서울특별시 강남구 삼성동 143-39,116803122010,서울특별시 강남구 테헤란로,425,,1168010500101430039016997,신일빌딩,서울특별시 강남구 테헤란로 425,135877,06159,"",1,"",127.053382748145,37.5062488144366,POINT (127.053382748145 37.5062488144366)
MA010120220808142226,아이비에프파트너스,"",M1,과학·기술,M107,본사·경영 컨설팅,M10703,경영 컨설팅업,M71531,경영 컨설팅업,11,서울특별시,11710,송파구,11710642,문정2동,1171010800,문정동,1171010800106450002,1,대지,645,2,서울특별시 송파구 문정동 645-2,117104853404,서울특별시 송파구 법원로9길,26,,1171010800103770001000001,에이치비지니스파크,서울특별시 송파구 법원로9길 26,138888,05836,C,4,"",127.116627298854,37.4841646868882,POINT (127.116627298854 37.4841646868882)
MA010120220808142516,리더스온,"",N1,시설관리·임대,N104,고용 알선,N10403,상용 인력 공급 및 인사관리 서비스업,N75122,상용 인력 공급 및 인사관리 서비스업,11,서울특별시,11230,동대문구,11230705,청량리동,1123010700,청량리동,1123010700103990000,1,대지,399,,서울특별시 동대문구 청량리동 399,112303105018,서울특별시 동대문구 홍릉로,64,,1123010700103990000012777,"",서울특별시 동대문구 홍릉로 64,130869,02484,"",2,"",127.043612120094,37.5858831185146,POINT (127.043612120094 37.5858831185146)
MA010120220808144721,살롱디홍,"",S2,수리·개인,S207,이용·미용,S20701,미용실,S96112,두발 미용업,11,서울특별시,11470,양천구,11470540,목4동,1147010200,목동,1147010200107690009,1,대지,769,9,서울특별시 양천구 목동 769-9,114704142137,서울특별시 양천구 목동중앙남로1길,10,,1147010200107690009017638,"",서울특별시 양천구 목동중앙남로1길 10,158818,07963,"","","",126.867860020799,37.5355326135878,POINT (126.867860020799 37.5355326135878)
MA010120220809765169,디앤비파트너스,"",M1,과학·기술,M107,본사·경영 컨설팅,M10703,경영 컨설팅업,M71531,경영 컨설팅업,11,서울특별시,11440,마포구,11440660,서교동,1144012100,동교동,1144012100101650008,1,대지,165,8,서울특별시 마포구 동교동 165-8,114403113014,서울특별시 마포구 양화로,156,,1144012100101650008027133,LG팰리스빌딩,서울특별시 마포구 양화로 156,121754,04050,"","","",126.923448871669,37.5561064858956,POINT (126.923448871669 37.5561064858956)
MA010120220808086468,희쁨네일,"",S2,수리·개인,S207,이용·미용,S20703,네일숍,S96119,기타 미용업,11,서울특별시,11650,서초구,11650520,서초2동,1165010800,서초동,1165010800113320002,1,대지,1332,2,서울특별시 서초구 서초동 1332-2,116503121014,서울특별시 서초구 사임당로,151,,1165010800113320003022522,"",서울특별시 서초구 사임당로 151,137859,06624,"",2,"",127.025691244129,37.4920672347131,POINT (127.025691244129 37.4920672347131)
MA010120220809711397,45번가블랙레벨,"",I2,음식,I212,비알코올 ,I21201,카페,I56221,커피 전문점,11,서울특별시,11620,관악구,11620605,은천동,1162010100,봉천동,1162010100109400007,1,대지,940,7,서울특별시 관악구 봉천동 940-7,116203120009,서울특별시 관악구 은천로,45,,1162010100109400007027866,"",서울특별시 관악구 은천로 45,151826,08716,"",1,"",126.94028828342,37.4862974993275,POINT (126.94028828342 37.4862974993275)
MA010120220810421794,주온누리약국,"",G2,소매,G215,의약·화장품 소매,G21501,약국,G47811,의약품 및 의료용품 소매업,11,서울특별시,11740,강동구,11740685,길동,1174010500,길동,1174010500103350001,1,대지,335,1,서울특별시 강동구 길동 335-1,117402000006,서울특별시 강동구 양재대로,1550,,1174010500103350001002322,은호빌딩,서울특별시 강동구 양재대로 1550,134810,05302,"",1,"",127.142565063785,37.5438907721479,POINT (127.142565063785 37.5438907721479)
MA010120220811490076,씨유우면,사랑점,G2,소매,G204,종합 소매,G20405,편의점,G47122,체인화 편의점,11,서울특별시,11650,서초구,11650651,양재1동,1165010300,우면동,1165010300107870000,1,대지,787,,서울특별시 서초구 우면동 787,116504163748,서울특별시 서초구 양재대로2길,8,,1165010300107870000000001,제,서울특별시 서초구 양재대로2길 8,137131,06768,"",1,"",127.024459464475,37.4597302548259,POINT (127.024459464475 37.4597302548259)
MA010120220810336973,두들,"",M1,과학·기술,M112,전문 디자인,M11203,시각 디자인업,M73203,시각 디자인업,11,서울특별시,11440,마포구,11440710,연남동,1144012400,연남동,1144012400105660002,1,대지,566,2,서울특별시 마포구 연남동 566-2,114404139444,서울특별시 마포구 연남로3길,31,,1144012400105660002016491,"",서울특별시 마포구 연남로3길 31,121869,03990,"",2,"",126.920999494725,37.5606639171377,POINT (126.920999494725 37.5606639171377)
MA010120220808168293,젬마,"",G2,소매,G209,섬유·의복·신발 소매,G20905,기타 의류 소매업,G47414,셔츠 및 블라우스 소매업,11,서울특별시,11140,중구,11140615,신당동,1114016200,신당동,1114016200107750000,1,대지,775,,서울특별시 중구 신당동 775,111403005009,서울특별시 중구 마장로,13,,1114016200107750000009546,제일평화시장,서울특별시 중구 마장로 13,100837,04567,56,2,"",127.011398547224,37.5685104445619,POINT (127.011398547224 37.5685104445619)
MA010120220808169189,흑백기원,"",R1,예술·스포츠,R104,유원지·오락,R10414,바둑/장기/체스 경기 운영업,R91293,기원 운영업,11,서울특별시,11500,강서구,11500604,가양2동,1150010400,가양동,1150010400114780000,1,대지,1478,,서울특별시 강서구 가양동 1478,115004145413,서울특별시 강서구 양천로57길,37,,1150010400114780000009548,가양4단지,서울특별시 강서구 양천로57길 37,157744,07527,상가,"","",126.852061734322,37.5659315580947,POINT (126.852061734322 37.5659315580947)
MA010120220809740433,위헤어(),중곡점,S2,수리·개인,S207,이용·미용,S20701,미용실,S96112,두발 미용업,11,서울특별시,11215,광진구,11215760,중곡3동,1121510100,중곡동,1121510100100300060,1,대지,30,60,서울특별시 광진구 중곡동 30-60,112154112167,서울특별시 광진구 능동로50길,7,,1121510100100300060000239,"",서울특별시 광진구 능동로50길 7,143884,04933,"",1,"",127.083825897851,37.5641204156974,POINT (127.083825897851 37.5641204156974)
MA010120220809972377,에스앤아이컴퍼니,"",S2,수리·개인,S203,자동차 수리·세차,S20301,자동차 정비소,S95212,자동차 전문 수리업,11,서울특별시,11215,광진구,11215820,자양1동,1121510500,자양동,1121510500106320002,1,대지,632,2,서울특별시 광진구 자양동 632-2,112154112414,서울특별시 광진구 자양로11길,45,3,1121510500106320002021872,"",서울특별시 광진구 자양로11길 45-3,143867,05058,"",지,"",127.082298219649,37.533550614252,POINT (127.082298219649 37.533550614252)
MA010120220809204286,7080써니,"",I2,음식,I211,주점,I21104,요리 주점,I56219,기타 주점업,11,서울특별시,11620,관악구,11620565,성현동,1162010100,봉천동,1162010100104640002,1,대지,464,2,서울특별시 관악구 봉천동 464-2,116203120009,서울특별시 관악구 은천로,113,,1162010100104640002033874,"",서울특별시 관악구 은천로 113,151825,08729,"",지,"",126.947931291621,37.4869498406929,POINT (126.947931291621 37.4869498406929)
MA010120220809263080,올다커피,"",I2,음식,I212,비알코올 ,I21201,카페,I56221,커피 전문점,11,서울특별시,11620,관악구,11620725,조원동,1162010200,신림동,1162010200105510016,1,대지,551,16,서울특별시 관악구 신림동 551-16,116203120010,서울특별시 관악구 조원로,49,,1162010200105510016000001,인영빌딩,서울특별시 관악구 조원로 49,151902,08701,"",1,"",126.908021405655,37.4838530737395,POINT (126.908021405655 37.4838530737395)
MA010120220809263748,씨제이엠,"",I2,음식,I201,한식,I20101,백반/한정식,I56111,한식 일반 음식점업,11,서울특별시,11560,영등포구,11560630,신길1동,1156013200,신길동,1156013200101600038,1,대지,160,38,서울특별시 영등포구 신길동 160-38,115603118006,서울특별시 영등포구 도신로,208,,1156013200101600038017644,"",서울특별시 영등포구 도신로 208,150840,07348,"","","",126.914468722328,37.5113205869315,POINT (126.914468722328 37.5113205869315)
MA010120220811755015,보이스코드,"",R1,예술·스포츠,R104,유원지·오락,R10407,노래방,R91223,노래 연습장 운영업,11,서울특별시,11680,강남구,11680545,압구정동,1168010700,신사동,1168010700106100002,1,대지,610,2,서울특별시 강남구 신사동 610-2,116803121022,서울특별시 강남구 논현로,872,,1168010700106100002009962,영빌딩,서울특별시 강남구 논현로 872,135894,06022,"",1,"",127.02883669071,37.5263767672638,POINT (127.02883669071 37.5263767672638)
MA010120220809393521,더제이케이키친박스청담점,"",I2,음식,I204,서양식,I20401,경양식,I56123,서양식 음식점업,11,서울특별시,11680,강남구,11680565,청담동,1168010400,청담동,1168010400100680015,1,대지,68,15,서울특별시 강남구 청담동 68-15,116804166828,서울특별시 강남구 학동로97길,36,4,1168010400100680015018401,"",서울특별시 강남구 학동로97길 36-4,135953,06072,"",1,"",127.055011781509,37.5222138550887,POINT (127.055011781509 37.5222138550887)
MA010120220812078129,정진인테리어,"",M1,과학·기술,M112,전문 디자인,M11201,인테리어 디자인업,F42412,도배; 실내 장식 및 내장 목공사업,11,서울특별시,11500,강서구,11500590,화곡본동,1150010300,화곡동,1150010300100290177,1,대지,29,177,서울특별시 강서구 화곡동 29-177,115004145254,서울특별시 강서구 까치산로15길,6,,1150010300100290177018316,"",서울특별시 강서구 까치산로15길 6,157895,07678,"",1,"",126.847991748419,37.5468432783182,POINT (126.847991748419 37.5468432783182)
MA010120220810555411,한성아펠부동산중개사사무소,"",L1,부동산,L102,부동산 서비스,L10203,부동산 중개/대리업,L68221,부동산 중개 및 대리업,11,서울특별시,11230,동대문구,11230610,답십리2동,1123010500,답십리동,1123010500105300017,1,대지,530,17,서울특별시 동대문구 답십리동 530-17,112303105019,서울특별시 동대문구 황물로,168,,1123010500105300017019404,한성아펠시티,서울특별시 동대문구 황물로 168,130700,02622,"",1,"",127.056231837824,37.5651819385594,POINT (127.056231837824 37.5651819385594)
MA010120220811502445,배스킨라빈스구로NC점,"",I2,음식,I210,기타 간이,I21008,아이스크림/빙수,I56194,김밥 및 기타 간이 음식점업,11,서울특별시,11530,구로구,11530560,구로5동,1153010200,구로동,1153010200105730000,1,대지,573,,서울특별시 구로구 구로동 573,115303116005,서울특별시 구로구 구로중앙로,152,,1153010200105730000020642,"",서울특별시 구로구 구로중앙로 152,152715,08292,"",1,"",126.88276951089,37.5011570773203,POINT (126.88276951089 37.5011570773203)
MA010120220808410313,널디자이너,"",S2,수리·개인,S206,기타 가정용품 수리,S20699,그 외 기타 개인/가정용품 수리업,S95399,그 외 기타 개인 및 가정용품 수리업,11,서울특별시,11740,강동구,11740570,암사1동,1174010700,암사동,1174010700104950087,1,대지,495,87,서울특별시 강동구 암사동 495-87,117404172303,서울특별시 강동구 올림픽로98가길,12,9,1174010700104950087016632,"",서울특별시 강동구 올림픽로98가길 12-9,134859,05262,"","","",127.131022397769,37.5499138025132,POINT (127.131022397769 37.5499138025132)
MA010120220809922081,비겐의료기창동센터,"",G2,소매,G215,의약·화장품 소매,G21502,의료기기 소매업,G47812,의료용 기구 소매업,11,서울특별시,11320,도봉구,11320515,창5동,1132010700,창동,1132010700107310034,1,대지,731,34,서울특별시 도봉구 창동 731-34,113204127313,서울특별시 도봉구 해등로16길,7,,1132010700107310034014117,"",서울특별시 도봉구 해등로16길 7,132904,01401,"",2,"",127.040820160325,37.6563773817418,POINT (127.040820160325 37.6563773817418)
MA010120220809977611,그립커뮤니케이션,"",M1,과학·기술,M105,광고,M10501,광고 대행업,M71310,광고 대행업,11,서울특별시,11650,서초구,11650610,방배2동,1165010100,방배동,1165010100104560015,1,대지,456,15,서울특별시 서초구 방배동 456-15,116504163158,서울특별시 서초구 방배천로2안길,83,,1165010100104560016012993,"",서울특별시 서초구 방배천로2안길 83,137819,06677,"",3,"",126.983922795262,37.4806892006604,POINT (126.983922795262 37.4806892006604)
MA010120220809981486,방이골포차,"",I2,음식,I211,주점,I21104,요리 주점,I56219,기타 주점업,11,서울특별시,11710,송파구,11710561,방이1동,1171011100,방이동,1171011100101610000,1,대지,161,,서울특별시 송파구 방이동 161,117104169023,서울특별시 송파구 가락로42길,8,,1171011100101610000017178,"",서울특별시 송파구 가락로42길 8,138833,05635,"","","",127.120460155392,37.5122812346782,POINT (127.120460155392 37.5122812346782)
MA010120220809987776,대원퍼니처,"",G2,소매,G211,가구 소매,G21101,가구 소매업,G47520,가구 소매업,11,서울특별시,11545,금천구,11545670,시흥1동,1154510300,시흥동,1154510300108390002,1,대지,839,2,서울특별시 금천구 시흥동 839-2,115453000024,서울특별시 금천구 금하로,659,,1154510300108390002017550,"",서울특별시 금천구 금하로 659,153856,08627,"","","",126.904181977706,37.4535310163321,POINT (126.904181977706 37.4535310163321)
MA010120220810588740,드로잉헤어룸,"",S2,수리·개인,S207,이용·미용,S20701,미용실,S96112,두발 미용업,11,서울특별시,11740,강동구,11740650,성내2동,1174010800,성내동,1174010800100370077,1,대지,37,77,서울특별시 강동구 성내동 37-77,117404172368,서울특별시 강동구 천호대로158길,42,,1174010800100370077005166,강성브랜뉴,서울특별시 강동구 천호대로158길 42,134840,05384,"",1,"",127.125906164863,37.5357556643445,POINT (127.125906164863 37.5357556643445)
MA010120220811343402,스카이뷰티,"",G2,소매,G215,의약·화장품 소매,G21503,화장품 소매업,G47813,화장품; 비누 및 방향제 소매업,11,서울특별시,11710,송파구,11710600,석촌동,1171010500,석촌동,1171010500100770006,1,대지,77,6,서울특별시 송파구 석촌동 77-6,117104169189,서울특별시 송파구 백제고분로37길,8,,1171010500100770006009626,미산빌딩,서울특별시 송파구 백제고분로37길 8,138843,05615,"",4,"",127.103584468142,37.5041251286118,POINT (127.103584468142 37.5041251286118)
MA010120220809963464,청계소담왕갈비탕,본점,I2,음식,I201,한식,I20101,백반/한정식,I56111,한식 일반 음식점업,11,서울특별시,11140,중구,11140670,황학동,1114016500,황학동,1114016500125450000,1,대지,2545,,서울특별시 중구 황학동 2545,111403100021,서울특별시 중구 청계천로,400,,1114016500118710000000001,롯데캐슬,서울특별시 중구 청계천로 400,100899,04572,"",2,"",127.021462076959,37.5708155923725,POINT (127.021462076959 37.5708155923725)
MA010120220811416636,아이씨유,"",P1,교육,P106,기타 교육,P10629,그 외 기타 교육기관,P85699,그 외 기타 분류 안된 교육기관,11,서울특별시,11740,강동구,11740640,성내1동,1174010800,성내동,1174010800105590001,1,대지,559,1,서울특별시 강동구 성내동 559-1,117404172185,서울특별시 강동구 성안로3길,112,12,1174010800105590001022185,"",서울특별시 강동구 성안로3길 112-12,134851,05399,"",2,"",127.124264687473,37.5283962275437,POINT (127.124264687473 37.5283962275437)
MA010120220808722230,오케이컨설팅,"",M1,과학·기술,M107,본사·경영 컨설팅,M10703,경영 컨설팅업,M71531,경영 컨설팅업,11,서울특별시,11290,성북구,11290600,안암동,1129012400,안암동4가,1129012400100410026,1,대지,41,26,서울특별시 성북구 안암동4가 41-26,112904121431,서울특별시 성북구 안암로9길,10,,1129012400100410026041052,"",서울특별시 성북구 안암로9길 10,136074,02857,"","","",127.02499696395,37.5802483097641,POINT (127.02499696395 37.5802483097641)
MA010120220811086035,르네상스여행사,"",N1,시설관리·임대,N105,여행사·보조,N10501,여행사,N75210,여행사업,11,서울특별시,11710,송파구,11710641,문정1동,1171010800,문정동,1171010800100420009,1,대지,42,9,서울특별시 송파구 문정동 42-9,117103000034,서울특별시 송파구 동남로,98,,1171010800100420009004097,대호빌딩,서울특별시 송파구 동남로 98,138825,05805,"",3,"",127.12242444164,37.4891774347081,POINT (127.12242444164 37.4891774347081)
MA010120220808020589,에코런드렛빨래방&아이스크림,사당점,S2,수리·개인,S209,세탁,S20902,셀프 빨래방,S96912,가정용 세탁업,11,서울특별시,11590,동작구,11590650,사당4동,1159010700,사당동,1159010700102960008,1,대지,296,8,서울특별시 동작구 사당동 296-8,115904157241,서울특별시 동작구 사당로16바길,34,,1159010700102960020007695,엘파라시오,서울특별시 동작구 사당로16바길 34,156821,07018,"",1,"",126.970785035242,37.4810200559371,POINT (126.970785035242 37.4810200559371)
MA010120220811945043,브로엔다보,"",I2,음식,I201,한식,I20101,백반/한정식,I56111,한식 일반 음식점업,11,서울특별시,11680,강남구,11680700,세곡동,1168011200,자곡동,1168011200102930005,1,대지,293,5,서울특별시 강남구 자곡동 293-5,116804166314,서울특별시 강남구 밤고개로14길,13,12,1168011200102930005000001,"",서울특별시 강남구 밤고개로14길 13-12,135190,06364,"","","",127.103472867511,37.4806179561992,POINT (127.103472867511 37.4806179561992)
MA010120220812673194,문화인들,"",I2,음식,I204,서양식,I20401,경양식,I56123,서양식 음식점업,11,서울특별시,11680,강남구,11680545,압구정동,1168010700,신사동,1168010700106570036,1,대지,657,36,서울특별시 강남구 신사동 657-36,116804166474,서울특별시 강남구 선릉로157길,13,,1168010700106570036010082,선빌딩,서울특별시 강남구 선릉로157길 13,135897,06018,"",1,"",127.038746593623,37.5259234308301,POINT (127.038746593623 37.5259234308301)
MA010120220812586411,전원건축인테리어,"",M1,과학·기술,M112,전문 디자인,M11201,인테리어 디자인업,F42412,도배; 실내 장식 및 내장 목공사업,11,서울특별시,11320,도봉구,11320700,방학2동,1132010600,방학동,1132010600106300026,1,대지,630,26,서울특별시 도봉구 방학동 630-26,113204127073,서울특별시 도봉구 도당로13다길,10,,1132010600106300026001830,우측,서울특별시 도봉구 도당로13다길 10,132841,01358,"",1,"",127.033809757505,37.6662994044895,POINT (127.033809757505 37.6662994044895)
MA010120220812463560,미아경성집,"",I2,음식,I205,동남아시아,I20501,베트남식 전문,I56129,기타 외국식 음식점업,11,서울특별시,11305,강북구,11305545,송중동,1130510100,미아동,1130510100100540089,1,대지,54,89,서울특별시 강북구 미아동 54-89,113054124468,서울특별시 강북구 월계로7나길,60,,1130510100100540089027397,"",서울특별시 강북구 월계로7나길 60,142804,01219,"",1,"",127.0310562506,37.6135204787861,POINT (127.0310562506 37.6135204787861)
MA010120220812519812,오프오브,"",M1,과학·기술,M112,전문 디자인,M11204,패션/섬유/기타 전문 디자인업,M73209,패션; 섬유류 및 기타 전문 디자인업,11,서울특별시,11680,강남구,11680565,청담동,1168010400,청담동,1168010400101120018,1,대지,112,18,서울특별시 강남구 청담동 112-18,116804166312,서울특별시 강남구 도산대로99길,50,2,1168010400101120018017294,"",서울특별시 강남구 도산대로99길 50-2,135955,06011,"","","",127.049358814251,37.5270547350029,POINT (127.049358814251 37.5270547350029)
MA010120220810257491,이플러스,"",P1,교육,P106,기타 교육,P10621,직원 훈련기관,P85650,직원 훈련기관,11,서울특별시,11560,영등포구,11560550,당산1동,1156011300,당산동3가,1156011300100910001,1,대지,91,1,서울특별시 영등포구 당산동3가 91-1,115604154075,서울특별시 영등포구 국회대로38길,8,,1156011300100910001029113,문화빌딩,서울특별시 영등포구 국회대로38길 8,150803,07257,"","","",126.898805867789,37.5262828749111,POINT (126.898805867789 37.5262828749111)
MA010120220811924894,모든택스고대철세무사,"",M1,과학·기술,M104,회계·세무,M10402,세무사,M71202,세무사업,11,서울특별시,11440,마포구,11440660,서교동,1144012000,서교동,1144012000103770004,1,대지,377,4,서울특별시 마포구 서교동 377-4,114404139573,서울특별시 마포구 잔다리로7길,16,,1144012000103770004010494,서교동교평빌딩,서울특별시 마포구 잔다리로7길 16,121894,04034,"",2,"",126.916831352679,37.5532458478914,POINT (126.916831352679 37.5532458478914)
MA010120220811926929,효원당에프앤에이치,"",I2,음식,I210,기타 간이,I21099,그 외 기타 간이 음식점,G47216,빵류; 과자류 및 당류 소매업,11,서울특별시,11650,서초구,11650652,양재2동,1165010400,원지동,1165010400100100016,1,대지,10,16,서울특별시 서초구 원지동 10-16,116504163470,서울특별시 서초구 양재대로12길,73,71,1165010400100100016003887,"",서울특별시 서초구 양재대로12길 73-71,137132,06803,"","","",127.042623166868,37.4596440084495,POINT (127.042623166868 37.4596440084495)
MA010120220808472583,제이제이팩토리,"",N1,시설관리·임대,N108,기타 사업 서비스,N10802,전시/컨벤션/행사 대행 서비스업,N75992,전시; 컨벤션 및 행사 대행업,11,서울특별시,11200,성동구,11200660,성수1가2동,1120011400,성수동1가,1120011400100130164,1,대지,13,164,서울특별시 성동구 성수동1가 13-164,112003103004,서울특별시 성동구 성수일로,77,,1120011400100130169008126,서울숲아이티벨리,서울특별시 성동구 성수일로 77,133822,04790,"","","",127.050345411639,37.5473989062789,POINT (127.050345411639 37.5473989062789)
MA010120220810151677,수네일,"",S2,수리·개인,S207,이용·미용,S20703,네일숍,S96119,기타 미용업,11,서울특별시,11230,동대문구,11230720,휘경1동,1123010900,휘경동,1123010900101490022,1,대지,149,22,서울특별시 동대문구 휘경동 149-22,112304115312,서울특별시 동대문구 외대역동로12길,19,,1123010900101490022008311,"",서울특별시 동대문구 외대역동로12길 19,130875,02428,"",1,"",127.065788448972,37.5949368228271,POINT (127.065788448972 37.5949368228271)
MA010120220807774235,청도양꼬치,"",I2,음식,I202,중식,I20201,중국집,I56113,한식 육류 요리 전문점,11,서울특별시,11740,강동구,11740685,길동,1174010500,길동,1174010500103940009,1,대지,394,9,서울특별시 강동구 길동 394-9,117404172318,서울특별시 강동구 진황도로47길,58,,1174010500103940009003505,"",서울특별시 강동구 진황도로47길 58,134880,05351,"",1,"",127.140662654057,37.5371265494498,POINT (127.140662654057 37.5371265494498)
MA010120220810197782,에스에이치케이파트너스,"",M1,과학·기술,M107,본사·경영 컨설팅,M10703,경영 컨설팅업,M71531,경영 컨설팅업,11,서울특별시,11170,용산구,11170555,청파동,1117010800,서계동,1117010800101300002,1,대지,130,2,서울특별시 용산구 서계동 130-2,111703101023,서울특별시 용산구 청파로,353,,1117010800101300002021765,"",서울특별시 용산구 청파로 353,140827,04303,"","","",126.969309160956,37.5511177645638,POINT (126.969309160956 37.5511177645638)
MA010120220808672216,키뮤,"",M1,과학·기술,M112,전문 디자인,M11203,시각 디자인업,M73203,시각 디자인업,11,서울특별시,11200,성동구,11200650,성수1가1동,1120011400,성수동1가,1120011400100220008,1,대지,22,8,서울특별시 성동구 성수동1가 22-8,112004109157,서울특별시 성동구 뚝섬로1나길,5,,1120011400100220008010039,성수동,서울특별시 성동구 뚝섬로1나길 5,133819,04779,"",2,"",127.047786100453,37.5444717229262,POINT (127.047786100453 37.5444717229262)
MA010120220811830492,스팽스현대백화점,천호점,G2,소매,G209,섬유·의복·신발 소매,G20905,기타 의류 소매업,G47413,속옷 및 잠옷 소매업,11,서울특별시,11740,강동구,11740610,천호2동,1174010900,천호동,1174010900104550008,1,대지,455,8,서울특별시 강동구 천호동 455-8,117402000008,서울특별시 강동구 천호대로,1005,,1174010900104550008000027,현대백화점,서울특별시 강동구 천호대로 1005,134779,05328,"",4,"",127.124440646718,37.538973787215,POINT (127.124440646718 37.538973787215)
MA010120220812136749,바른공부독서실,"",R1,예술·스포츠,R102,도서관·사적지,R10202,독서실/스터디 카페,R90212,독서실 운영업,11,서울특별시,11680,강남구,11680610,대치2동,1168010600,대치동,1168010600109890006,1,대지,989,6,서울특별시 강남구 대치동 989-6,116804166415,서울특별시 강남구 삼성로58길,11,,1168010600109890006013932,"",서울특별시 강남구 삼성로58길 11,135501,06282,"",3,"",127.062209611299,37.4988111994611,POINT (127.062209611299 37.4988111994611)
MA010120220811968033,지에스25우,장산점,G2,소매,G204,종합 소매,G20405,편의점,G47122,체인화 편의점,11,서울특별시,11500,강서구,11500615,우장산동,1150010300,화곡동,1150010300100840005,1,대지,84,5,서울특별시 강서구 화곡동 84-5,115003115010,서울특별시 강서구 우현로,17,,1150010300100840005018576,서흥빌딩,서울특별시 강서구 우현로 17,157870,07695,"",1,"",126.843475781603,37.5472608475745,POINT (126.843475781603 37.5472608475745)
MA010120220809756815,정관장수락산역점,"",G2,소매,G205,식료품 소매,G20508,건강보조식품 소매업,G47217,건강 보조식품 소매업,11,서울특별시,11350,노원구,11350630,상계1동,1135010500,상계동,1135010500112620000,1,대지,1262,,서울특별시 노원구 상계동 1262,113503000001,서울특별시 노원구 동일로,1689,,1135010500112620000009818,하이베라스,서울특별시 노원구 동일로 1689,139838,01604,"",1,"",127.054957393868,37.6791213964247,POINT (127.054957393868 37.6791213964247)
MA010120220809641351,원네일,"",S2,수리·개인,S207,이용·미용,S20703,네일숍,S96119,기타 미용업,11,서울특별시,11290,성북구,11290660,길음1동,1129013400,길음동,1129013400112810006,1,대지,1281,6,서울특별시 성북구 길음동 1281-6,112904121275,서울특별시 성북구 삼양로13길,45,,1129013400112810006054788,길음뉴타운,서울특별시 성북구 삼양로13길 45,136111,02724,상가,1,"",127.019672751822,37.6107208498394,POINT (127.019672751822 37.6107208498394)
MA010120220812591306,신촌방탈출게임이에스씨,"",R1,예술·스포츠,R104,유원지·오락,R10405,기타 오락장,R91229,기타 오락장 운영업,11,서울특별시,11410,서대문구,11410585,신촌동,1141011600,창천동,1141011600100130002,1,대지,13,2,서울특별시 서대문구 창천동 13-2,114104136067,서울특별시 서대문구 명물길,32,,1141011600100130002000001,"",서울특별시 서대문구 명물길 32,120833,03777,"","","",126.938442885078,37.5580343792928,POINT (126.938442885078 37.5580343792928)
MA010120220812591913,에이치아이컴퍼니,"",G2,소매,G209,섬유·의복·신발 소매,G20902,여성 의류 소매업,G47412,여자용 겉옷 소매업,11,서울특별시,11110,종로구,11110615,종로1.2.3.4가동,1111012800,관훈동,1111012800101870000,1,대지,187,,서울특별시 종로구 관훈동 187,111104100259,서울특별시 종로구 인사동길,43,,1111012800101870000016640,가운데점포,서울특별시 종로구 인사동길 43,110300,03145,"",1,"",126.984627235492,37.5740511145279,POINT (126.984627235492 37.5740511145279)
MA010120220809597640,영일엔터프라이즈,"",M1,과학·기술,M115,기타 전문 과학,M11502,번역/통역 서비스업,M73902,번역 및 통역 서비스업,11,서울특별시,11380,은평구,11380580,응암1동,1138010700,응암동,1138010700100200002,1,대지,20,2,서울특별시 은평구 응암동 20-2,113803000008,서울특별시 은평구 통일로,599,,1138010700100200002024521,"",서울특별시 은평구 통일로 599,122905,03473,"",6,"",126.935792323641,37.600163441475,POINT (126.935792323641 37.600163441475)
MA010120220810562592,준코,영등포점,R1,예술·스포츠,R104,유원지·오락,R10407,노래방,R91223,노래 연습장 운영업,11,서울특별시,11560,영등포구,11560535,영등포동,1156010400,영등포동3가,1156010400100030004,1,대지,3,4,서울특별시 영등포구 영등포동3가 3-4,115603118022,서울특별시 영등포구 영등포로,248,,1156010400100030004035996,대흥빌딩,서울특별시 영등포구 영등포로 248,150030,07303,"",1,"",126.908758948977,37.5188757339943,POINT (126.908758948977 37.5188757339943)
MA010120220812252781,르하임스터디카페굽은다리역점,"",R1,예술·스포츠,R102,도서관·사적지,R10202,독서실/스터디 카페,R90212,독서실 운영업,11,서울특별시,11740,강동구,11740530,명일1동,1174010100,명일동,1174010100103460001,1,대지,346,1,서울특별시 강동구 명일동 346-1,117402000006,서울특별시 강동구 양재대로,1576,,1174010100103460001019554,"",서울특별시 강동구 양재대로 1576,134830,05296,"",5,"",127.143452027578,37.54616021421,POINT (127.143452027578 37.54616021421)
MA010120220812296217,디오금융컨설팅,"",M1,과학·기술,M107,본사·경영 컨설팅,M10703,경영 컨설팅업,M71531,경영 컨설팅업,11,서울특별시,11560,영등포구,11560515,영등포본동,1156013200,신길동,1156013200101100002,1,대지,110,2,서울특별시 영등포구 신길동 110-2,115604154350,서울특별시 영등포구 도신로65길,2,,1156013200101100002015804,"",서울특별시 영등포구 도신로65길 2,150838,07317,"","","",126.917498223273,37.5129175188823,POINT (126.917498223273 37.5129175188823)
MA010120220807975799,EG미용실,"",S2,수리·개인,S207,이용·미용,S20701,미용실,S96112,두발 미용업,11,서울특별시,11650,서초구,11650520,서초2동,1165010800,서초동,1165010800113320002,1,대지,1332,2,서울특별시 서초구 서초동 1332-2,116503121014,서울특별시 서초구 사임당로,151,,1165010800113320003022522,무지개쇼핑,서울특별시 서초구 사임당로 151,137859,06624,"",2,"",127.025691244129,37.4920672347131,POINT (127.025691244129 37.4920672347131)
MA010120220808750936,중소기업대출지원센터,"",M1,과학·기술,M107,본사·경영 컨설팅,M10703,경영 컨설팅업,M71531,경영 컨설팅업,11,서울특별시,11650,서초구,11650530,서초3동,1165010800,서초동,1165010800117160004,1,대지,1716,4,서울특별시 서초구 서초동 1716-4,116502121002,서울특별시 서초구 서초대로,275,,1165010800117160010020451,중앙빌딩,서울특별시 서초구 서초대로 275,137885,06596,"","","",127.011647204974,37.4933939346444,POINT (127.011647204974 37.4933939346444)
MA010120220810097194,비지니스투어,"",N1,시설관리·임대,N105,여행사·보조,N10599,기타 여행 보조/예약 서비스업,N75290,기타 여행 보조 및 예약 서비스업,11,서울특별시,11545,금천구,11545510,가산동,1154510100,가산동,1154510100100600003,1,대지,60,3,서울특별시 금천구 가산동 60-3,115454151195,서울특별시 금천구 디지털로9길,68,,1154510100100600003000002,일부대륭포스트타워5차,서울특별시 금천구 디지털로9길 68,153702,08512,"",B1,"",126.886407535865,37.4810771851015,POINT (126.886407535865 37.4810771851015)
MA010120220810885045,핌테크놀로지,"",G2,소매,G203,모터사이클 소매,G20301,모터사이클 및 부품 소매업,G45302,모터사이클 및 부품 소매업,11,서울특별시,11650,서초구,11650651,양재1동,1165010200,양재동,1165010200101250005,1,대지,125,5,서울특별시 서초구 양재동 125-5,116504163476,서울특별시 서초구 양재천로19길,18,,1165010200101250005005793,인곡빌딩,서울특별시 서초구 양재천로19길 18,137891,06753,"","","",127.038166915884,37.4761430427546,POINT (127.038166915884 37.4761430427546)
MA010120220808004645,보떼누보,"",G2,소매,G215,의약·화장품 소매,G21503,화장품 소매업,G47813,화장품; 비누 및 방향제 소매업,11,서울특별시,11590,동작구,11590530,상도1동,1159010200,상도동,1159010200105310000,1,대지,531,,서울특별시 동작구 상도동 531,115903119005,서울특별시 동작구 상도로,346,1,1159010200101340000000002,힐스테이트상도센트럴파크,서울특별시 동작구 상도로 346-1,156830,07039,상가1,"","",126.951667565976,37.4967904277837,POINT (126.951667565976 37.4967904277837)
MA010120220810292610,환원당,"",I2,음식,I212,비알코올 ,I21201,카페,I56221,커피 전문점,11,서울특별시,11215,광진구,11215710,화양동,1121510700,화양동,1121510700100940025,1,대지,94,25,서울특별시 광진구 화양동 94-25,112153104007,서울특별시 광진구 능동로,166,,1121510700100940025017698,"",서울특별시 광진구 능동로 166,143915,05021,"",1,"",127.073496123331,37.5452964489233,POINT (127.073496123331 37.5452964489233)
MA010120220811210284,디마건축사사무소,"",M1,과학·기술,M109,기술 서비스,M10901,건축 설계 및 관련 서비스업,M72111,건축 설계 및 관련 서비스업,11,서울특별시,11680,강남구,11680640,역삼1동,1168010100,역삼동,1168010100107470014,1,대지,747,14,서울특별시 강남구 역삼동 747-14,116804166195,서울특별시 강남구 논현로75길,7,,1168010100107470014024708,"",서울특별시 강남구 논현로75길 7,135925,06247,"",5,"",127.038267688834,37.4963976738768,POINT (127.038267688834 37.4963976738768)
MA010120220810233902,이지스터커피&베이커리,"",I2,음식,I212,비알코올 ,I21201,카페,I56221,커피 전문점,11,서울특별시,11680,강남구,11680531,논현2동,1168010800,논현동,1168010800102380014,1,대지,238,14,서울특별시 강남구 논현동 238-14,116804166800,서울특별시 강남구 학동로44길,6,,1168010800102380014006496,"",서울특별시 강남구 학동로44길 6,135830,06098,4,1,"",127.036863443696,37.5153282392477,POINT (127.036863443696 37.5153282392477)
MA010120220808980490,이노트어소시에이트,"",M1,과학·기술,M112,전문 디자인,M11203,시각 디자인업,M73203,시각 디자인업,11,서울특별시,11440,마포구,11440660,서교동,1144012100,동교동,1144012100101590005,1,대지,159,5,서울특별시 마포구 동교동 159-5,114403113014,서울특별시 마포구 양화로,161,,1144012100101590005011731,"",서울특별시 마포구 양화로 161,121898,03995,"",8,"",126.923312213102,37.5569353147047,POINT (126.923312213102 37.5569353147047)
MA010120220809905303,어시장활어회,"",I2,음식,I201,한식,I20111,횟집,I56114,한식 해산물 요리 전문점,11,서울특별시,11620,관악구,11620605,은천동,1162010100,봉천동,1162010100109560003,1,대지,956,3,서울특별시 관악구 봉천동 956-3,116204160421,서울특별시 관악구 봉천로25길,13,,1162010100109560003039227,"",서울특별시 관악구 봉천로25길 13,151827,08749,"",1,"",126.937880236687,37.4859088242755,POINT (126.937880236687 37.4859088242755)
MA010120220810370903,남쪽나라,"",I2,음식,I201,한식,I20101,백반/한정식,I56111,한식 일반 음식점업,11,서울특별시,11650,서초구,11650531,서초4동,1165010800,서초동,1165010800113020001,1,대지,1302,1,서울특별시 서초구 서초동 1302-1,116503121016,서울특별시 서초구 서운로,226,,1165010800113020001019897,"",서울특별시 서초구 서운로 226,137855,06609,"",1,"",127.021781963018,37.5031053495067,POINT (127.021781963018 37.5031053495067)
MA010120220809141074,정담경영전략연구소,"",M1,과학·기술,M107,본사·경영 컨설팅,M10703,경영 컨설팅업,M71531,경영 컨설팅업,11,서울특별시,11650,서초구,11650530,서초3동,1165010800,서초동,1165010800115500014,1,대지,1550,14,서울특별시 서초구 서초동 1550-14,116504163236,서울특별시 서초구 반포대로26길,19,,1165010800115500014020641,"",서울특별시 서초구 반포대로26길 19,137873,06648,"",1,"",127.01021069346,37.4904567835509,POINT (127.01021069346 37.4904567835509)
MA010120220811778347,올리브스킨&바디,"",S2,수리·개인,S207,이용·미용,S20702,피부 관리실,S96113,피부 미용업,11,서울특별시,11350,노원구,11350624,중계4동,1135010600,중계동,1135010600105840001,1,대지,584,1,서울특별시 노원구 중계동 584-1,113503110009,서울특별시 노원구 한글비석로,383,,1135010600105840001010130,삼창타워,서울특별시 노원구 한글비석로 383,139867,01699,"",1,"",127.072667435036,37.6590109488977,POINT (127.072667435036 37.6590109488977)
MA010120220812158701,바오세라,"",G2,소매,G209,섬유·의복·신발 소매,G20905,기타 의류 소매업,G47416,가죽 및 모피 의복 소매업,11,서울특별시,11545,금천구,11545710,시흥5동,1154510300,시흥동,1154510300108370051,1,대지,837,51,서울특별시 금천구 시흥동 837-51,115453000024,서울특별시 금천구 금하로,687,,1154510300108370051003041,"",서울특별시 금천구 금하로 687,153841,08573,"",2,"",126.906557112667,37.4521453580684,POINT (126.906557112667 37.4521453580684)
MA010120220812250266,현대공인중개사사무소,"",L1,부동산,L102,부동산 서비스,L10203,부동산 중개/대리업,L68221,부동산 중개 및 대리업,11,서울특별시,11650,서초구,11650510,서초1동,1165010800,서초동,1165010800116570004,1,대지,1657,4,서울특별시 서초구 서초동 1657-4,116503121024,서울특별시 서초구 서초중앙로,120,,1165010800116570004023326,현정빌딩,서울특별시 서초구 서초중앙로 120,137881,06634,"","","",127.014168723036,37.4925557224543,POINT (127.014168723036 37.4925557224543)
MA010120220812303471,제이에이치컨설팅,"",L1,부동산,L102,부동산 서비스,L10203,부동산 중개/대리업,L68221,부동산 중개 및 대리업,11,서울특별시,11680,강남구,11680565,청담동,1168010400,청담동,1168010400101320003,1,대지,132,3,서울특별시 강남구 청담동 132-3,116804166770,서울특별시 강남구 학동로101길,33,,1168010400101320008018229,청담상가,서울특별시 강남구 학동로101길 33,135957,06075,1,1,"",127.056833213563,37.5224112132417,POINT (127.056833213563 37.5224112132417)
MA010120220810421427,고래힐명품세탁,"",S2,수리·개인,S209,세탁,S20901,세탁소,S96912,가정용 세탁업,11,서울특별시,11740,강동구,11740550,고덕1동,1174010200,고덕동,1174010200106880000,1,대지,688,,서울특별시 강동구 고덕동 688,117404172194,서울특별시 강동구 아리수로50길,50,,1174010200106700000018648,고덕래미안힐스테이트,서울특별시 강동구 아리수로50길 50,134081,05229,상가,"","",127.148589706047,37.5576866276403,POINT (127.148589706047 37.5576866276403)
MA010120220812191921,필라테스공기,"",P1,교육,P106,기타 교육,P10603,요가/필라테스 학원,P85612,기타 스포츠 교육기관,11,서울특별시,11680,강남구,11680690,개포4동,1168010300,개포동,1168010300111830006,1,대지,1183,6,서울특별시 강남구 개포동 1183-6,116804166055,서울특별시 강남구 개포로22길,102,,1168010300101830006020824,"",서울특별시 강남구 개포로22길 102,135961,06315,"",3,"",127.053485238637,37.4755154050757,POINT (127.053485238637 37.4755154050757)
MA010120220809976841,화포식당가재울뉴타운점,"",I2,음식,I201,한식,I20107,돼지고기 구이/찜,I56113,한식 육류 요리 전문점,11,서울특별시,11410,서대문구,11410700,남가좌2동,1141012000,남가좌동,1141012000103890000,1,대지,389,,서울특별시 서대문구 남가좌동 389,114103112003,서울특별시 서대문구 거북골로,84,,1141012000102240001004896,DMC에코자이,서울특별시 서대문구 거북골로 84,120122,03687,102,1,"",126.919250784178,37.576448173643,POINT (126.919250784178 37.576448173643)
MA010120220810027717,지에프엠앤씨,"",M1,과학·기술,M105,광고,M10501,광고 대행업,M71310,광고 대행업,11,서울특별시,11545,금천구,11545510,가산동,1154510100,가산동,1154510100103710028,1,대지,371,28,서울특별시 금천구 가산동 371-28,115453117001,서울특별시 금천구 가산디지털1로,168,,1154510100103710028015795,우림라이온스밸리,서울특별시 금천구 가산디지털1로 168,153786,08507,씨,2,"",126.882644342333,37.479965266654,POINT (126.882644342333 37.479965266654)
MA010120220812523694,플랜빛,"",M1,과학·기술,M105,광고,M10504,광고물 설계/제작업,M71393,광고물 문안; 도안; 설계 등 작성업,11,서울특별시,11650,서초구,11650540,잠원동,1165010600,잠원동,1165010600100310012,1,대지,31,12,서울특별시 서초구 잠원동 31-12,116504163459,서울특별시 서초구 신반포로45길,74,,1165010600100310012019393,화신빌딩,서울특별시 서초구 신반포로45길 74,137904,06527,"","","",127.016638396025,37.5131253601616,POINT (127.016638396025 37.5131253601616)
MA010120220810825133,에스제이건축사사무소,"",M1,과학·기술,M109,기술 서비스,M10901,건축 설계 및 관련 서비스업,M72111,건축 설계 및 관련 서비스업,11,서울특별시,11710,송파구,11710642,문정2동,1171010800,문정동,1171010800106410004,1,대지,641,4,서울특별시 송파구 문정동 641-4,117103350849,서울특별시 송파구 법원로,127,,1171010800102070003000001,문정대명벨리온,서울특별시 송파구 법원로 127,138888,05836,"",16,"",127.118756296125,37.4862889447379,POINT (127.118756296125 37.4862889447379)
MA010120220809867508,안진전략사업화센터,"",M1,과학·기술,M107,본사·경영 컨설팅,M10703,경영 컨설팅업,M71531,경영 컨설팅업,11,서울특별시,11545,금천구,11545510,가산동,1154510100,가산동,1154510100103710057,1,대지,371,57,서울특별시 금천구 가산동 371-57,115453117001,서울특별시 금천구 가산디지털1로,142,,1154510100103710057014575,가산더스카이밸리1차,서울특별시 금천구 가산디지털1로 142,153803,08507,"",11,"",126.883359052032,37.4783982190242,POINT (126.883359052032 37.4783982190242)
MA010120220807906355,비엘라,"",I2,음식,I204,서양식,I20401,경양식,I56123,서양식 음식점업,11,서울특별시,11710,송파구,11710650,잠실본동,1171010100,잠실동,1171010100101840002,1,대지,184,2,서울특별시 송파구 잠실동 184-2,117103123023,서울특별시 송파구 올림픽로,116,1,1171010100101840002002525,신원빌딩,서울특별시 송파구 올림픽로 116-1,138861,05558,"",7,"",127.083631167607,37.5113940278546,POINT (127.083631167607 37.5113940278546)
MA010120220809598327,푸루무스튜디오,"",M1,과학·기술,M112,전문 디자인,M11203,시각 디자인업,M73203,시각 디자인업,11,서울특별시,11440,마포구,11440660,서교동,1144012000,서교동,1144012000103940044,1,대지,394,44,서울특별시 마포구 서교동 394-44,114403113014,서울특별시 마포구 양화로,64,,1144012000103940043000002,서교제일빌딩,서울특별시 마포구 양화로 64,121893,04045,8,842,"",126.915804810754,37.5503078670304,POINT (126.915804810754 37.5503078670304)
MA010120220808364540,스타일샵,"",S2,수리·개인,S207,이용·미용,S20701,미용실,S96112,두발 미용업,11,서울특별시,11620,관악구,11620545,청림동,1162010100,봉천동,1162010100100130020,1,대지,13,20,서울특별시 관악구 봉천동 13-20,116204160741,서울특별시 관악구 청림길,16,1,1162010100100130020036039,"",서울특별시 관악구 청림길 16-1,151803,08733,"","","",126.959712552364,37.4881167457152,POINT (126.959712552364 37.4881167457152)
MA010120220808935102,뚝배기집,"",I2,음식,I201,한식,I20102,국/탕/찌개류,I56111,한식 일반 음식점업,11,서울특별시,11140,중구,11140590,광희동,1114014700,쌍림동,1114014700100220017,1,대지,22,17,서울특별시 중구 쌍림동 22-17,111404103360,서울특별시 중구 퇴계로53길,10,17,1114014700100220017014863,"",서울특별시 중구 퇴계로53길 10-17,100400,04560,"",1,"",127.004165268557,37.5642311904748,POINT (127.004165268557 37.5642311904748)
MA010120220808728682,스튜디오무드,"",M1,과학·기술,M113,사진 촬영,M11301,사진촬영업,M73302,상업용 사진 촬영업,11,서울특별시,11440,마포구,11440660,서교동,1144012000,서교동,1144012000104640012,1,대지,464,12,서울특별시 마포구 서교동 464-12,114404139106,서울특별시 마포구 동교로18길,13,,1144012000104640012000001,"",서울특별시 마포구 동교로18길 13,121842,04030,"",지,"",126.917112830541,37.5545524923953,POINT (126.917112830541 37.5545524923953)
MA010120220808729284,김수환탐정행정사사무소,"",M1,과학·기술,M103,법무관련 ,M10306,행정사,M71109,기타 법무관련 서비스업,11,서울특별시,11710,송파구,11710580,송파1동,1171010400,송파동,1171010400100360013,1,대지,36,13,서울특별시 송파구 송파동 36-13,117104169193,서울특별시 송파구 백제고분로41길,36,43,1171010400100360013012289,해성빌리지,서울특별시 송파구 백제고분로41길 36-43,138849,05622,"",5,"",127.108047357755,37.5089234859841,POINT (127.108047357755 37.5089234859841)
MA010120220808981298,씨유건대,정문점,G2,소매,G204,종합 소매,G20405,편의점,G47122,체인화 편의점,11,서울특별시,11215,광진구,11215820,자양1동,1121510500,자양동,1121510500102250064,1,대지,225,64,서울특별시 광진구 자양동 225-64,112154112325,서울특별시 광진구 아차산로39길,28,,1121510500102250064011300,"",서울특별시 광진구 아차산로39길 28,143853,05028,"",1,"",127.076148946926,37.5390148016663,POINT (127.076148946926 37.5390148016663)
MA010120220807760086,엔에이치,"",G2,소매,G209,섬유·의복·신발 소매,G20905,기타 의류 소매업,G47413,속옷 및 잠옷 소매업,11,서울특별시,11215,광진구,11215830,자양2동,1121510500,자양동,1121510500106360005,1,대지,636,5,서울특별시 광진구 자양동 636-5,112153103010,서울특별시 광진구 뚝섬로,642,,1121510500106360005013269,"",서울특별시 광진구 뚝섬로 642,143868,05100,"",1,"",127.08075731803,37.5315154159408,POINT (127.08075731803 37.5315154159408)
MA010120220807761427,드림,"",G2,소매,G205,식료품 소매,G20508,건강보조식품 소매업,G47217,건강 보조식품 소매업,11,서울특별시,11140,중구,11140665,동화동,1114016200,신당동,1114016200102910048,1,대지,291,48,서울특별시 중구 신당동 291-48,111404103057,서울특별시 중구 다산로36길,11,,1114016200102910048003446,"",서울특별시 중구 다산로36길 11,100824,04585,"",3,"",127.016185391803,37.562851630025,POINT (127.016185391803 37.562851630025)
MA010120220807822869,씨랄라,"",R1,예술·스포츠,R104,유원지·오락,R10405,기타 오락장,R91229,기타 오락장 운영업,11,서울특별시,11560,영등포구,11560605,문래동,1156012100,문래동3가,1156012100100550016,1,대지,55,16,서울특별시 영등포구 문래동3가 55-16,115603118008,서울특별시 영등포구 문래로,164,,1156012100100550016000007,제비,서울특별시 영등포구 문래로 164,150835,07297,"","","",126.900072933063,37.517787501143,POINT (126.900072933063 37.517787501143)
MA010120220811477192,백이슈,"",G2,소매,G209,섬유·의복·신발 소매,G20911,가방 소매업,G47440,가방 및 기타 가죽제품 소매업,11,서울특별시,11140,중구,11140615,신당동,1114016200,신당동,1114016200107720000,1,대지,772,,서울특별시 중구 신당동 772,111403101021,서울특별시 중구 장충단로,282,10,1114016200107720000009525,남평화상가,서울특별시 중구 장충단로 282-10,100837,04567,"","","",127.010832678191,37.5691772345782,POINT (127.010832678191 37.5691772345782)
MA010120220808058759,신세계노래연습장,"",R1,예술·스포츠,R104,유원지·오락,R10407,노래방,R91223,노래 연습장 운영업,11,서울특별시,11305,강북구,11305635,수유3동,1130510300,수유동,1130510300101720208,1,대지,172,208,서울특별시 강북구 수유동 172-208,113054124144,서울특별시 강북구 도봉로95길,20,,1130510300101720208006588,"",서울특별시 강북구 도봉로95길 20,142876,01054,"",지,"",127.027816101971,37.6415689993744,POINT (127.027816101971 37.6415689993744)
MA010120220810133705,제이케이플래닝,"",G2,소매,G213,오락용품 소매,G21304,운동용품 소매업,G47631,운동 및 경기용품 소매업,11,서울특별시,11740,강동구,11740640,성내1동,1174010800,성내동,1174010800104610012,1,대지,461,12,서울특별시 강동구 성내동 461-12,117404172163,서울특별시 강동구 성내로14길,48,,1174010800104610012007225,"",서울특별시 강동구 성내로14길 48,134848,05400,"",2,"",127.12594638846,37.5260338224521,POINT (127.12594638846 37.5260338224521)
MA010120220809803241,난다냥,"",I2,음식,I212,비알코올 ,I21201,카페,I56221,커피 전문점,11,서울특별시,11470,양천구,11470560,신월1동,1147010300,신월동,1147010300101430012,1,대지,143,12,서울특별시 양천구 신월동 143-12,114704142045,서울특별시 양천구 남부순환로55길,15,,1147010300101430012014435,"",서울특별시 양천구 남부순환로55길 15,158828,07920,"",1,"",126.831827306425,37.5340271783213,POINT (126.831827306425 37.5340271783213)
MA010120220811492318,더탄두르,"",I2,음식,I204,서양식,I20401,경양식,I56123,서양식 음식점업,11,서울특별시,11440,마포구,11440660,서교동,1144012000,서교동,1144012000103390003,1,대지,339,3,서울특별시 마포구 서교동 339-3,114404139464,서울특별시 마포구 와우산로27길,27,,1144012000103390003029159,"",서울특별시 마포구 와우산로27길 27,121837,04054,"",2,"",126.926811918349,37.5542976134536,POINT (126.926811918349 37.5542976134536)
MA010120220811550392,구로전단지배포베스트,"",M1,과학·기술,M105,광고,M10599,기타 광고 관련 서비스업,M71399,그 외 기타 광고 관련 서비스업,11,서울특별시,11530,구로구,11530720,고척1동,1153010600,고척동,1153010600101030004,1,대지,103,4,서울특별시 구로구 고척동 103-4,115304148100,서울특별시 구로구 경인로43길,42,,1153010600101030010014322,가,서울특별시 구로구 경인로43길 42,152757,08227,가,2,"",126.8614346378,37.4982057107416,POINT (126.8614346378 37.4982057107416)
MA010120220812159955,마라식객,"",I2,음식,I202,중식,I20202,마라탕/훠궈,I56121,중식 음식점업,11,서울특별시,11680,강남구,11680521,논현1동,1168010800,논현동,1168010800101390033,1,대지,139,33,서울특별시 강남구 논현동 139-33,116804166817,서울특별시 강남구 학동로6길,27,,1168010800101390033008086,"",서울특별시 강남구 학동로6길 27,135822,06113,"",1,"",127.025030208881,37.5104118570188,POINT (127.025030208881 37.5104118570188)
MA010120220809938565,법무법인파트너,"",M1,과학·기술,M103,법무관련 ,M10301,변호사,M71101,변호사업,11,서울특별시,11650,서초구,11650530,서초3동,1165010800,서초동,1165010800115400007,1,대지,1540,7,서울특별시 서초구 서초동 1540-7,116502121003,서울특별시 서초구 반포대로,105,,1165010800115400007020763,다안빌딩,서울특별시 서초구 반포대로 105,137872,06656,"",5,"",127.008412692199,37.4895198773036,POINT (127.008412692199 37.4895198773036)
MA010120220809837906,벨로에프앤비,"",I2,음식,I201,한식,I20101,백반/한정식,I56111,한식 일반 음식점업,11,서울특별시,11560,영등포구,11560540,여의동,1156011000,여의도동,1156011000100240001,1,대지,24,1,서울특별시 영등포구 여의도동 24-1,115603118002,서울특별시 영등포구 국제금융로,20,,1156011000100240001031226,율촌빌딩,서울특별시 영등포구 국제금융로 20,150877,07327,"",5,"",126.927293165773,37.5248892746322,POINT (126.927293165773 37.5248892746322)
MA010120220811861033,드므요,"",M1,과학·기술,M112,전문 디자인,M11202,제품 디자인업,M73202,제품 디자인업,11,서울특별시,11260,중랑구,11260680,신내1동,1126010600,신내동,1126010600108210002,1,대지,821,2,서울특별시 중랑구 신내동 821-2,112603106013,서울특별시 중랑구 신내역로,111,,1126010600108210002000001,제비,서울특별시 중랑구 신내역로 111,131865,02262,"",2,"",127.112445205608,37.6131196083544,POINT (127.112445205608 37.6131196083544)
MA010120220812643624,수원카원스탑서비스,"",N1,시설관리·임대,N107,사무 지원,N10799,기타 사무 지원 서비스업,N75919,기타 사무 지원 서비스업,11,서울특별시,11545,금천구,11545510,가산동,1154510100,가산동,1154510100105500017,1,대지,550,17,서울특별시 금천구 가산동 550-17,115454151238,서울특별시 금천구 서부샛길,528,,1154510100105500018000001,"",서울특별시 금천구 서부샛길 528,153803,08505,"","","",126.878704504478,37.4762941813802,POINT (126.878704504478 37.4762941813802)
MA010120220809269335,죠우,"",I2,음식,I203,일식,I20301,일식 회/초밥,I56122,일식 음식점업,11,서울특별시,11170,용산구,11170530,남영동,1117010700,동자동,1117010700100110007,1,대지,11,7,서울특별시 용산구 동자동 11-7,111703101024,서울특별시 용산구 후암로,97,1,1117010700100110007023040,"",서울특별시 용산구 후암로 97-1,140818,04324,"",1,"",126.97464987402,37.5533625172508,POINT (126.97464987402 37.5533625172508)
MA010120220811812469,원탑공인중개사사무소,"",L1,부동산,L102,부동산 서비스,L10203,부동산 중개/대리업,L68221,부동산 중개 및 대리업,11,서울특별시,11230,동대문구,11230560,전농1동,1123010400,전농동,1123010400102950431,1,대지,295,431,서울특별시 동대문구 전농동 295-431,112304115428,서울특별시 동대문구 전농로15길,21,,1123010400102950431024471,"",서울특별시 동대문구 전농로15길 21,130854,02547,"","","",127.056682864231,37.5778407036592,POINT (127.056682864231 37.5778407036592)
MA010120220808796393,꽃과편의점,"",G2,소매,G219,식물 소매,G21901,꽃집,G47851,화초 및 식물 소매업,11,서울특별시,11500,강서구,11500630,방화1동,1150010900,방화동,1150010900102910004,1,대지,291,4,서울특별시 강서구 방화동 291-4,115004145339,서울특별시 강서구 방화대로45길,10,,1150010900102910004003242,한미빌라,서울특별시 강서구 방화대로45길 10,157847,07517,"",1,"",126.816035555916,37.5743592735743,POINT (126.816035555916 37.5743592735743)
MA010120220810546440,카페스토리,"",I2,음식,I212,비알코올 ,I21201,카페,I56221,커피 전문점,11,서울특별시,11530,구로구,11530530,구로2동,1153010200,구로동,1153010200106060001,1,대지,606,1,서울특별시 구로구 구로동 606-1,115303116005,서울특별시 구로구 구로중앙로,198,,1153010100104060001000034,구로기계공구상가,서울특별시 구로구 구로중앙로 198,152864,08212,"",1,"",126.880785660177,37.5041464292403,POINT (126.880785660177 37.5041464292403)
MA010120220810823304,세무법인택스인강남이조지점,"",M1,과학·기술,M104,회계·세무,M10402,세무사,M71202,세무사업,11,서울특별시,11680,강남구,11680640,역삼1동,1168010100,역삼동,1168010100108240012,1,대지,824,12,서울특별시 강남구 역삼동 824-12,116804166743,서울특별시 강남구 테헤란로4길,15,,1168010100108240012024336,메가시티오피스텔,서울특별시 강남구 테헤란로4길 15,135934,06233,"",9,"",127.030250420923,37.4973911060686,POINT (127.030250420923 37.4973911060686)
MA010120220810825051,서울시티투어애드,"",M1,과학·기술,M105,광고,M10501,광고 대행업,M71310,광고 대행업,11,서울특별시,11140,중구,11140550,명동,1114010300,태평로1가,1114010300100620009,1,대지,62,9,서울특별시 중구 태평로1가 62-9,111402005001,서울특별시 중구 세종대로,135,7,1114010300100620009018888,"",서울특별시 중구 세종대로 135-7,100101,04519,"","","",126.976252112664,37.5684185067758,POINT (126.976252112664 37.5684185067758)
MA010120220812473239,하이어셀프,"",R1,예술·스포츠,R103,스포츠 서비스,R10312,테니스장,R91139,그 외 기타 스포츠시설 운영업,11,서울특별시,11320,도봉구,11320512,창2동,1132010700,창동,1132010700106010067,1,대지,601,67,서울특별시 도봉구 창동 601-67,113204127045,서울특별시 도봉구 덕릉로59라길,7,3,1132010700106010067016142,"",서울특별시 도봉구 덕릉로59라길 7-3,132919,01469,"",4,"",127.038296509924,37.6411786396013,POINT (127.038296509924 37.6411786396013)
MA010120220808990556,산호레지던스,"",I1,숙박,I102,기타 숙박,I10201,기숙사/고시원,I55901,기숙사 및 고시원 운영업,11,서울특별시,11590,동작구,11590630,사당2동,1159010700,사당동,1159010700101470081,1,대지,147,81,서울특별시 동작구 사당동 147-81,115904157119,서울특별시 동작구 동작대로27가길,44,,1159010700101470082034102,"",서울특별시 동작구 동작대로27가길 44,156816,07008,"",5,"",126.980823668613,37.4856532961761,POINT (126.980823668613 37.4856532961761)
MA010120220808990879,길자공간장식,"",M1,과학·기술,M112,전문 디자인,M11201,인테리어 디자인업,M73201,인테리어 디자인업,11,서울특별시,11440,마포구,11440660,서교동,1144012000,서교동,1144012000104000020,1,대지,400,20,서울특별시 마포구 서교동 400-20,114404139094,서울특별시 마포구 독막로5길,32,,1144012000104000020010865,"",서울특별시 마포구 독막로5길 32,121895,04047,"",지,"",126.918770802097,37.5493368665386,POINT (126.918770802097 37.5493368665386)
MA010120220810423473,백도어,"",I2,음식,I211,주점,I21104,요리 주점,I56219,기타 주점업,11,서울특별시,11710,송파구,11710650,잠실본동,1171010100,잠실동,1171010100101890015,1,대지,189,15,서울특별시 송파구 잠실동 189-15,117104169205,서울특별시 송파구 백제고분로9길,31,,1171010100101890015000796,"",서울특별시 송파구 백제고분로9길 31,138861,05560,"",1,"",127.082600129383,37.5097909657617,POINT (127.082600129383 37.5097909657617)
MA010120220808413386,두끼,목동점,I2,음식,I210,기타 간이,I21007,김밥/만두/분식,I56194,김밥 및 기타 간이 음식점업,11,서울특별시,11470,양천구,11470510,목1동,1147010200,목동,1147010200109170009,1,대지,917,9,서울특별시 양천구 목동 917-9,114703114001,서울특별시 양천구 목동동로,293,,1147010200109170009021289,현대41타워,서울특별시 양천구 목동동로 293,158723,07997,302,3,"",126.875769610806,37.5281800233273,POINT (126.875769610806 37.5281800233273)
MA010120220811564995,엠브이프라퍼티,"",N1,시설관리·임대,N104,고용 알선,N10401,고용 알선업,N75110,고용 알선업,11,서울특별시,11590,동작구,11590605,흑석동,1159010500,흑석동,1159010500101950017,1,대지,195,17,서울특별시 동작구 흑석동 195-17,115903119010,서울특별시 동작구 흑석로,81,,1159010500101950017017784,"",서울특별시 동작구 흑석로 81,156861,06910,"",5,"",126.958593989324,37.5070645242729,POINT (126.958593989324 37.5070645242729)
MA010120220809925740,천년맛두부,"",I2,음식,I201,한식,I20101,백반/한정식,I56111,한식 일반 음식점업,11,서울특별시,11710,송파구,11710710,잠실6동,1171010200,신천동,1171010200100070000,1,대지,7,,서울특별시 송파구 신천동 7,117104169554,서울특별시 송파구 올림픽로35길,112,,1171010200100070000000187,장미1차,서울특별시 송파구 올림픽로35길 112,138796,05504,2,"","",127.098116368707,37.517149306956,POINT (127.098116368707 37.517149306956)
MA010120220808145306,육회왕자연어공주,"",I2,음식,I201,한식,I20108,소고기 구이/찜,I56113,한식 육류 요리 전문점,11,서울특별시,11545,금천구,11545670,시흥1동,1154510300,시흥동,1154510300108890014,1,대지,889,14,서울특별시 금천구 시흥동 889-14,115454151317,서울특별시 금천구 시흥대로52길,35,,1154510300108890014017558,"",서울특별시 금천구 시흥대로52길 35,153858,08628,"",1,"",126.901832103289,37.4528172875765,POINT (126.901832103289 37.4528172875765)
MA010120220810370873,엠케이프로덕션,"",M1,과학·기술,M112,전문 디자인,M11204,패션/섬유/기타 전문 디자인업,M73209,패션; 섬유류 및 기타 전문 디자인업,11,서울특별시,11710,송파구,11710600,석촌동,1171010500,석촌동,1171010500102250000,1,대지,225,,서울특별시 송파구 석촌동 225,117103123001,서울특별시 송파구 가락로,20,,1171010500102250000010715,"",서울특별시 송파구 가락로 20,138845,05694,"",4,"",127.098905927299,37.4982996323296,POINT (127.098905927299 37.4982996323296)
MA010120220807779590,정릉손칼국수,"",I2,음식,I201,한식,I20105,국수/칼국수,I56112,한식 면 요리 전문점,11,서울특별시,11290,성북구,11290620,정릉1동,1129013300,정릉동,1129013300100160314,1,대지,16,314,서울특별시 성북구 정릉동 16-314,112904121625,서울특별시 성북구 정릉로36길,35,,1129013300100160314035758,"",서울특별시 성북구 정릉로36길 35,136841,02816,"",1,"",127.016748816567,37.6022339768698,POINT (127.016748816567 37.6022339768698)
MA010120220812435519,이로움한의원,"",Q1,보건의료,Q102,의원,Q10211,한의원,Q86203,한의원,11,서울특별시,11200,성동구,11200535,왕십리도선동,1120010400,도선동,1120010400100480000,1,대지,48,,서울특별시 성동구 도선동 48,112003005011,서울특별시 성동구 왕십리로,320,1,1120010400100480000023661,"",서울특별시 성동구 왕십리로 320-1,133882,04709,"",3,"",127.034181491505,37.5623162034719,POINT (127.034181491505 37.5623162034719)
MA010120220812488596,광주식당,"",I2,음식,I201,한식,I20101,백반/한정식,I56111,한식 일반 음식점업,11,서울특별시,11590,동작구,11590520,노량진2동,1159010100,노량진동,1159010100100290006,1,대지,29,6,서울특별시 동작구 노량진동 29-6,115903119011,서울특별시 동작구 노량진로,86,1,1159010100100290006029593,"",서울특별시 동작구 노량진로 86-1,156052,06927,"",1,"",126.93542593371,37.5130097706173,POINT (126.93542593371 37.5130097706173)
MA010120220810225058,썬프린트,"",N1,시설관리·임대,N107,사무 지원,N10703,복사업,N75912,복사업,11,서울특별시,11410,서대문구,11410585,신촌동,1141011600,창천동,1141011600100200041,1,대지,20,41,서울특별시 서대문구 창천동 20-41,114103005057,서울특별시 서대문구 신촌로,121,,1141011600100200041030808,아남오피스텔,서울특별시 서대문구 신촌로 121,120833,03780,"",1,"",126.939293197951,37.5562057951181,POINT (126.939293197951 37.5562057951181)
MA010120220809838151,크리에이티브그룹닷,"",M1,과학·기술,M105,광고,M10501,광고 대행업,M71310,광고 대행업,11,서울특별시,11560,영등포구,11560540,여의동,1156011000,여의도동,1156011000100530001,1,대지,53,1,서울특별시 영등포구 여의도동 53-1,115603118002,서울특별시 영등포구 국제금융로,106,,1156011000100530001037728,행진빌딩,서울특별시 영등포구 국제금융로 106,150895,07343,"","","",126.933294180407,37.5189642192554,POINT (126.933294180407 37.5189642192554)
MA010120220810591882,제스트,"",G2,소매,G215,의약·화장품 소매,G21502,의료기기 소매업,G47812,의료용 기구 소매업,11,서울특별시,11200,성동구,11200560,행당1동,1120010700,행당동,1120010700102860034,1,대지,286,34,서울특별시 성동구 행당동 286-34,112004109432,서울특별시 성동구 왕십리로21길,9,,1120010700102860034018867,"",서울특별시 성동구 왕십리로21길 9,133867,04715,"",6,"",127.033434104446,37.5614784906299,POINT (127.033434104446 37.5614784906299)
MA010120220809643199,소피아헤어겔러리,"",S2,수리·개인,S207,이용·미용,S20701,미용실,S96112,두발 미용업,11,서울특별시,11530,구로구,11530510,신도림동,1153010100,신도림동,1153010100106480000,1,대지,648,,서울특별시 구로구 신도림동 648,115304148114,서울특별시 구로구 경인로59길,7,,1153010100106480000026740,대림이편한세상6차,서울특별시 구로구 경인로59길 7,152786,08211,상가,"","",126.882581919366,37.5054006251726,POINT (126.882581919366 37.5054006251726)
MA010120220810314040,명동곰탕,"",I2,음식,I201,한식,I20102,국/탕/찌개류,I56111,한식 일반 음식점업,11,서울특별시,11620,관악구,11620745,삼성동,1162010200,신림동,1162010200108080495,1,대지,808,495,서울특별시 관악구 신림동 808-495,116204160796,서울특별시 관악구 원신2길,39,,1162010200108080495010698,"",서울특별시 관악구 원신2길 39,151862,08846,"","","",126.932421638969,37.4704625288147,POINT (126.932421638969 37.4704625288147)
MA010120220812581845,대림중앙할인마트정육,"",G2,소매,G205,식료품 소매,G20503,정육점,G47212,육류 소매업,11,서울특별시,11560,영등포구,11560720,대림3동,1156013300,대림동,1156013300107140005,1,대지,714,5,서울특별시 영등포구 대림동 714-5,115604154251,서울특별시 영등포구 도림로41길,11,2,1156013300107140005001197,마트내다우빌딩,서울특별시 영등포구 도림로41길 11-2,150814,07415,"","","",126.897717260365,37.4950080840378,POINT (126.897717260365 37.4950080840378)
MA010120220809395056,비스킷사운드,"",M1,과학·기술,M107,본사·경영 컨설팅,M10703,경영 컨설팅업,M71531,경영 컨설팅업,11,서울특별시,11170,용산구,11170520,용산2가동,1117010200,용산동2가,1117010200100050175,1,대지,5,175,서울특별시 용산구 용산동2가 5-175,111704106173,서울특별시 용산구 소월로26길,13,,1117010200100050175028725,"",서울특별시 용산구 소월로26길 13,140834,04339,"","","",126.98726970309,37.5454177449153,POINT (126.98726970309 37.5454177449153)
MA010120220809458318,라이트그라운드,"",M1,과학·기술,M113,사진 촬영,M11301,사진촬영업,M73301,인물 사진 및 행사용 영상 촬영업,11,서울특별시,11680,강남구,11680640,역삼1동,1168010100,역삼동,1168010100106810038,1,대지,681,38,서울특별시 강남구 역삼동 681-38,116804166441,서울특별시 강남구 선릉로107길,30,,1168010100106810038021377,명칭없음,서울특별시 강남구 선릉로107길 30,135916,06143,"",1,"",127.041735024682,37.5089024583655,POINT (127.041735024682 37.5089024583655)
MA010120220809399340,가오리상사,"",G2,소매,G209,섬유·의복·신발 소매,G20911,가방 소매업,G47440,가방 및 기타 가죽제품 소매업,11,서울특별시,11560,영등포구,11560710,대림2동,1156013300,대림동,1156013300110340003,1,대지,1034,3,서울특별시 영등포구 대림동 1034-3,115604154379,서울특별시 영등포구 디지털로53길,9,,1156013300110340003002745,"",서울특별시 영등포구 디지털로53길 9,150824,07421,"",1,"",126.900639488692,37.4914516010456,POINT (126.900639488692 37.4914516010456)
MA010120220809460413,림보,"",G2,소매,G209,섬유·의복·신발 소매,G20902,여성 의류 소매업,G47412,여자용 겉옷 소매업,11,서울특별시,11110,종로구,11110615,종로1.2.3.4가동,1111015300,돈의동,1111015300101030116,1,대지,103,116,서울특별시 종로구 돈의동 103-116,111104100063,서울특별시 종로구 돈화문로9길,12,,1111015300101030116000001,"",서울특별시 종로구 돈화문로9길 12,110808,03139,"",1,"",126.991023381112,37.5718803763006,POINT (126.991023381112 37.5718803763006)
MA010120220808502593,회계법인더올,"",M1,과학·기술,M104,회계·세무,M10401,공인회계사,M71201,공인회계사업,11,서울특별시,11680,강남구,11680640,역삼1동,1168010100,역삼동,1168010100106460020,1,대지,646,20,서울특별시 강남구 역삼동 646-20,116803122010,서울특별시 강남구 테헤란로,141,,1168010100106460020000001,K,서울특별시 강남구 테헤란로 141,135911,06132,"",10,"",127.03466221127,37.500525395706,POINT (127.03466221127 37.500525395706)
MA010120220809373174,창동민자역사6197호,"",G2,소매,G209,섬유·의복·신발 소매,G20905,기타 의류 소매업,G47414,셔츠 및 블라우스 소매업,11,서울특별시,11320,도봉구,11320512,창2동,1132010700,창동,1132010700101350000,1,대지,135,,서울특별시 도봉구 창동 135,113204127201,서울특별시 도봉구 마들로11길,77,,1132010700100200000000001,창동역,서울특별시 도봉구 마들로11길 77,132042,01413,"",6,"",127.047708384263,37.6532213587814,POINT (127.047708384263 37.6532213587814)
MA010120220808673756,바퀴해충쥐코로나19SK방역소독전문,"",N1,시설관리·임대,N102,청소·방제,N10203,소독; 구충 및 방제 서비스업,N74220,소독; 구충 및 방제 서비스업,11,서울특별시,11620,관악구,11620565,성현동,1162010100,봉천동,1162010100104660015,1,대지,466,15,서울특별시 관악구 봉천동 466-15,116203120009,서울특별시 관악구 은천로,125,,1162010100104660015036755,동쪽,서울특별시 관악구 은천로 125,151804,08729,"",1,"",126.949231705233,37.4867882251956,POINT (126.949231705233 37.4867882251956)
MA010120220808339101,카페필트레,"",I2,음식,I212,비알코올 ,I21201,카페,I56221,커피 전문점,11,서울특별시,11680,강남구,11680640,역삼1동,1168010100,역삼동,1168010100107020023,1,대지,702,23,서울특별시 강남구 역삼동 702-23,116803122010,서울특별시 강남구 테헤란로,323,,1168010100107020023022621,휘닉스상가,서울특별시 강남구 테헤란로 323,135513,06151,2,1,"",127.046459760083,37.5041073476529,POINT (127.046459760083 37.5041073476529)
MA010120220808341507,엠엔씨피,"",M1,과학·기술,M107,본사·경영 컨설팅,M10703,경영 컨설팅업,M71531,경영 컨설팅업,11,서울특별시,11440,마포구,11440660,서교동,1144012000,서교동,1144012000103940044,1,대지,394,44,서울특별시 마포구 서교동 394-44,114403113014,서울특별시 마포구 양화로,64,,1144012000103940043000002,서교제일빌딩,서울특별시 마포구 양화로 64,121893,04045,"",8,"",126.915804810754,37.5503078670304,POINT (126.915804810754 37.5503078670304)
MA010120220808341670,깊은생각광진학원,"",P1,교육,P105,일반 교육,P10501,입시·교과학원,P85501,일반 교과학원,11,서울특별시,11215,광진구,11215870,구의3동,1121510300,구의동,1121510300102010006,1,대지,201,6,서울특별시 광진구 구의동 201-6,112153005024,서울특별시 광진구 광나루로,602,,1121510300102010006008053,대한빌딩,서울특별시 광진구 광나루로 602,143821,05034,"",3,"",127.094708814388,37.5417944739279,POINT (127.094708814388 37.5417944739279)
MA010120220809975111,태클박스,"",G2,소매,G213,오락용품 소매,G21306,장난감 소매업,G47640,게임용구; 인형 및 장난감 소매업,11,서울특별시,11545,금천구,11545710,시흥5동,1154510300,시흥동,1154510300109300069,1,대지,930,69,서울특별시 금천구 시흥동 930-69,115454151305,서울특별시 금천구 시흥대로40길,111,,1154510300109300069001485,"",서울특별시 금천구 시흥대로40길 111,153860,08648,"","","",126.909073067591,37.4463898437313,POINT (126.909073067591 37.4463898437313)
MA010120220807828657,조선의불고기,"",I2,음식,I201,한식,I20107,돼지고기 구이/찜,I56111,한식 일반 음식점업,11,서울특별시,11530,구로구,11530730,고척2동,1153010600,고척동,1153010600101950029,1,대지,195,29,서울특별시 구로구 고척동 195-29,115303116003,서울특별시 구로구 고척로,221,,1153010600101950029011749,"",서울특별시 구로구 고척로 221,152831,08241,"",1,"",126.857608940322,37.5059317850687,POINT (126.857608940322 37.5059317850687)
MA010120220811946175,끝과시작,"",M1,과학·기술,M107,본사·경영 컨설팅,M10703,경영 컨설팅업,M71531,경영 컨설팅업,11,서울특별시,11440,마포구,11440660,서교동,1144012000,서교동,1144012000103250010,1,대지,325,10,서울특별시 마포구 서교동 325-10,114404139473,서울특별시 마포구 와우산로32길,15,,1144012000103250010009821,"",서울특별시 마포구 와우산로32길 15,121836,04061,"","","",126.930998791623,37.5548137030961,POINT (126.930998791623 37.5548137030961)
MA010120220809725835,크린토피아송파방이초교점,"",S2,수리·개인,S209,세탁,S20901,세탁소,S96912,가정용 세탁업,11,서울특별시,11710,송파구,11710562,방이2동,1171011100,방이동,1171011100101550000,1,대지,155,,서울특별시 송파구 방이동 155,117104169202,서울특별시 송파구 백제고분로50길,28,,1171011100101550000017106,"",서울특별시 송파구 백제고분로50길 28,138832,05629,"",1,"",127.117634140507,37.5133562772604,POINT (127.117634140507 37.5133562772604)
MA010120220809727071,에이플러스세무경영컨설팅,"",M1,과학·기술,M107,본사·경영 컨설팅,M10703,경영 컨설팅업,M71531,경영 컨설팅업,11,서울특별시,11710,송파구,11710642,문정2동,1171010800,문정동,1171010800106420003,1,대지,642,3,서울특별시 송파구 문정동 642-3,117103350849,서울특별시 송파구 법원로,128,,1171010800106420003000001,문정에스케이브이원지엘메트로시티,서울특별시 송파구 법원로 128,138888,05854,비,5,"",127.120487144417,37.4868458170421,POINT (127.120487144417 37.4868458170421)
MA010120220810456594,그린램프라이브러리중계캠퍼스독서실,"",R1,예술·스포츠,R102,도서관·사적지,R10202,독서실/스터디 카페,R90212,독서실 운영업,11,서울특별시,11350,노원구,11350621,중계1동,1135010600,중계동,1135010600103590010,1,대지,359,10,서울특별시 노원구 중계동 359-10,113503110009,서울특별시 노원구 한글비석로,265,,1135010600103590010010876,영광프라자,서울특별시 노원구 한글비석로 265,139860,01714,"","","",127.076558235105,37.6514492475075,POINT (127.076558235105 37.6514492475075)
MA010120220812137885,압구정샌드위치,성신여대점,I2,음식,I210,기타 간이,I21005,토스트/샌드위치/샐러드,I56192,피자; 햄버거; 샌드위치 및 유사 음식점업,11,서울특별시,11290,성북구,11290575,동선동,1129011600,동선동1가,1129011600100840001,1,대지,84,1,서울특별시 성북구 동선동1가 84-1,112904121219,서울특별시 성북구 보문로34길,77,,1129011600100840001045700,"",서울특별시 성북구 보문로34길 77,136051,02845,"",1,"",127.019486499175,37.5913946312412,POINT (127.019486499175 37.5913946312412)
MA010120220812026042,파란포도나무,"",G2,소매,G206,음료 소매,G20602,주류 소매업,G47221,음료 소매업,11,서울특별시,11470,양천구,11470540,목4동,1147010200,목동,1147010200107680005,1,대지,768,5,서울특별시 양천구 목동 768-5,114704142140,서울특별시 양천구 목동중앙남로3길,11,,1147010200107680005016900,금호아파트,서울특별시 양천구 목동중앙남로3길 11,158818,07963,101,1,"",126.867010824653,37.5358830503482,POINT (126.867010824653 37.5358830503482)
MA010120220812019893,바비#,"",S2,수리·개인,S207,이용·미용,S20702,피부 관리실,S96113,피부 미용업,11,서울특별시,11290,성북구,11290810,석관동,1129013900,석관동,1129013900101180033,1,대지,118,33,서울특별시 성북구 석관동 118-33,112904121715,서울특별시 성북구 한천로76다길,16,,1129013900101180033005330,"",서울특별시 성북구 한천로76다길 16,136817,02781,"",1,"",127.065667512383,37.6119385742889,POINT (127.065667512383 37.6119385742889)
MA010120220810147600,커넥티드랩,"",G2,소매,G213,오락용품 소매,G21305,자전거 소매업,G47632,자전거 및 기타 운송장비 소매업,11,서울특별시,11650,서초구,11650510,서초1동,1165010800,서초동,1165010800114250001,1,대지,1425,1,서울특별시 서초구 서초동 1425-1,116502000003,서울특별시 서초구 남부순환로,2457,,1165010800114250015024279,보성빌딩,서울특별시 서초구 남부순환로 2457,137864,06725,"",1,"",127.019130364439,37.4827520561675,POINT (127.019130364439 37.4827520561675)
MA010120220808645300,브리시,"",P1,교육,P106,기타 교육,P10625,기타 기술/직업 훈련학원,P85669,기타 기술 및 직업 훈련학원,11,서울특별시,11410,서대문구,11410720,북가좌2동,1141011900,북가좌동,1141011900103060023,1,대지,306,23,서울특별시 서대문구 북가좌동 306-23,114104136033,서울특별시 서대문구 거북골로18길,33,,1141011900103060023001764,"",서울특별시 서대문구 거북골로18길 33,120813,03691,"","","",126.911187719831,37.5788570467614,POINT (126.911187719831 37.5788570467614)
MA010120220809703660,아이피씨앤에스,"",M1,과학·기술,M107,본사·경영 컨설팅,M10703,경영 컨설팅업,M71531,경영 컨설팅업,11,서울특별시,11680,강남구,11680640,역삼1동,1168010100,역삼동,1168010100107020002,1,대지,702,2,서울특별시 강남구 역삼동 702-2,116803122010,서울특별시 강남구 테헤란로,309,,1168010100107020003022787,삼성제일빌딩,서울특별시 강남구 테헤란로 309,135751,06151,"","","",127.044435019862,37.5035585132933,POINT (127.044435019862 37.5035585132933)
MA010120220809705058,마미골,"",I2,음식,I211,주점,I21104,요리 주점,I56219,기타 주점업,11,서울특별시,11410,서대문구,11410585,신촌동,1141011600,창천동,1141011600100530094,1,대지,53,94,서울특별시 서대문구 창천동 53-94,114104136245,서울특별시 서대문구 연세로7안길,34,7,1141011600100530094022258,"",서울특별시 서대문구 연세로7안길 34-7,120834,03787,"",1,"",126.934832147884,37.5584739301406,POINT (126.934832147884 37.5584739301406)
MA010120220809599821,팜프라하,"",P1,교육,P107,교육 지원,P10799,기타 교육지원 서비스업,P85709,기타 교육지원 서비스업,11,서울특별시,11440,마포구,11440660,서교동,1144012000,서교동,1144012000103750025,1,대지,375,25,서울특별시 마포구 서교동 375-25,114404139421,서울특별시 마포구 양화로15안길,19,,1144012000103750025010470,"",서울특별시 마포구 양화로15안길 19,121894,04031,"",2,"",126.91853947305,37.5539317969357,POINT (126.91853947305 37.5539317969357)
MA010120220809599964,별빛야시장,"",I2,음식,I201,한식,I20101,백반/한정식,I56111,한식 일반 음식점업,11,서울특별시,11620,관악구,11620765,미성동,1162010200,신림동,1162010200114880020,1,대지,1488,20,서울특별시 관악구 신림동 1488-20,116204160185,서울특별시 관악구 남부순환로142길,31,,1162010200114880020003436,"",서울특별시 관악구 남부순환로142길 31,151894,08771,"",1,"",126.911734743619,37.4797743370985,POINT (126.911734743619 37.4797743370985)
MA010120220808747558,네일조아,"",S2,수리·개인,S207,이용·미용,S20703,네일숍,S96119,기타 미용업,11,서울특별시,11215,광진구,11215830,자양2동,1121510500,자양동,1121510500102160007,1,대지,216,7,서울특별시 광진구 자양동 216-7,112153000002,서울특별시 광진구 아차산로,382,,1121510500102160007011114,대진빌딩,서울특별시 광진구 아차산로 382,143851,05051,"","","",127.085288649036,37.5366479341507,POINT (127.085288649036 37.5366479341507)
MA010120220808796419,그랜드한의원,"",Q1,보건의료,Q102,의원,Q10211,한의원,Q86203,한의원,11,서울특별시,11680,강남구,11680640,역삼1동,1168010100,역삼동,1168010100107050024,1,대지,705,24,서울특별시 강남구 역삼동 705-24,116803122006,서울특별시 강남구 선릉로,515,,1168010100107050024022141,동인빌딩,서울특별시 강남구 선릉로 515,135922,06150,"",3,"",127.048236221719,37.5054401234769,POINT (127.048236221719 37.5054401234769)
MA010120220811486204,골든기획,"",M1,과학·기술,M105,광고,M10599,기타 광고 관련 서비스업,M71399,그 외 기타 광고 관련 서비스업,11,서울특별시,11140,중구,11140540,회현동,1114012400,충무로1가,1114012400100240028,1,대지,24,28,서울특별시 중구 충무로1가 24-28,111404103154,서울특별시 중구 명동2길,57,,1114012400100240028019987,"",서울특별시 중구 명동2길 57,100011,04536,"",7,"",126.98344150995,37.5609955251994,POINT (126.98344150995 37.5609955251994)
MA010120220811482309,디벨롭,"",P1,교육,P106,기타 교육,P10603,요가/필라테스 학원,P85612,기타 스포츠 교육기관,11,서울특별시,11500,강서구,11500603,가양1동,1150010400,가양동,1150010400114580005,1,대지,1458,5,서울특별시 강서구 가양동 1458-5,115003115013,서울특별시 강서구 허준로,12,,1150010400114580005010152,"",서울특별시 강서구 허준로 12,157806,07529,"",4,"",126.843099012566,37.5704429809986,POINT (126.843099012566 37.5704429809986)
MA010120220808338244,쌍용세탁,"",S2,수리·개인,S209,세탁,S20901,세탁소,S96912,가정용 세탁업,11,서울특별시,11320,도봉구,11320514,창4동,1132010700,창동,1132010700108070000,1,대지,807,,서울특별시 도봉구 창동 807,113203109006,서울특별시 도봉구 마들로,555,,1132010700108070000014429,쌍용아파트,서울특별시 도봉구 마들로 555,132792,01410,상가,1,"",127.048653591506,37.6603297211333,POINT (127.048653591506 37.6603297211333)
MA010120220808392787,디인텔리전스,"",M1,과학·기술,M105,광고,M10501,광고 대행업,M71310,광고 대행업,11,서울특별시,11710,송파구,11710642,문정2동,1171010800,문정동,1171010800106420000,1,대지,642,,서울특별시 송파구 문정동 642,117102005011,서울특별시 송파구 송파대로,201,,1171010800101970001000001,송파테라타워2,서울특별시 송파구 송파대로 201,138888,05854,비,8,"",127.12069210461,37.4877376053144,POINT (127.12069210461 37.4877376053144)
MA010120220810343961,남성컷트연구원,"",S2,수리·개인,S207,이용·미용,S20701,미용실,S96111,이용업,11,서울특별시,11650,서초구,11650560,반포1동,1165010700,반포동,1165010700113410000,1,대지,1341,,서울특별시 서초구 반포동 1341,116503121024,서울특별시 서초구 서초중앙로,224,,1165010700100320005024877,반포래미안아이파크,서울특별시 서초구 서초중앙로 224,137041,06599,"",1,"",127.012315748027,37.5017552070814,POINT (127.012315748027 37.5017552070814)
MA010120220810799056,오아로피부과의원,"",Q1,보건의료,Q102,의원,Q10204,피부/비뇨기과 의원,Q86201,일반의원,11,서울특별시,11590,동작구,11590620,사당1동,1159010700,사당동,1159010700101470029,1,대지,147,29,서울특별시 동작구 사당동 147-29,115903119004,서울특별시 동작구 사당로,300,,1159010700101470029000001,이수자이,서울특별시 동작구 사당로 300,156793,07013,상가,2,"",126.980281278548,37.4843737749647,POINT (126.980281278548 37.4843737749647)
MA010120220809905604,에프디에스,"",S2,수리·개인,S206,기타 가정용품 수리,S20699,그 외 기타 개인/가정용품 수리업,G47992,계약배달 판매업,11,서울특별시,11740,강동구,11740570,암사1동,1174010700,암사동,1174010700104760027,1,대지,476,27,서울특별시 강동구 암사동 476-27,117404172075,서울특별시 강동구 구천면로55길,8,,1174010700104760027014793,"",서울특별시 강동구 구천면로55길 8,134858,05259,"","","",127.137077301951,37.5502312878164,POINT (127.137077301951 37.5502312878164)
MA010120220808125269,비비안,"",G2,소매,G209,섬유·의복·신발 소매,G20905,기타 의류 소매업,G47413,속옷 및 잠옷 소매업,11,서울특별시,11740,강동구,11740610,천호2동,1174010900,천호동,1174010900104550008,1,대지,455,8,서울특별시 강동구 천호동 455-8,117402000008,서울특별시 강동구 천호대로,1005,,1174010900104550008000027,현대백화점,서울특별시 강동구 천호대로 1005,134779,05328,"",4,"",127.124440646718,37.538973787215,POINT (127.124440646718 37.538973787215)
MA010120220811836173,니즈커피,"",I2,음식,I212,비알코올 ,I21201,카페,I56221,커피 전문점,11,서울특별시,11305,강북구,11305545,송중동,1130510100,미아동,1130510100101310003,1,대지,131,3,서울특별시 강북구 미아동 131-3,113054124078,서울특별시 강북구 도봉로20가길,79,,1130510100101310003020340,"",서울특별시 강북구 도봉로20가길 79,142809,01160,"",1,"",127.028545080596,37.6219723811411,POINT (127.028545080596 37.6219723811411)
MA010120220811630162,임대업,"",I2,음식,I212,비알코올 ,I21201,카페,I56221,커피 전문점,11,서울특별시,11260,중랑구,11260620,묵1동,1126010400,묵동,1126010400103960000,1,대지,396,,서울특별시 중랑구 묵동 396,112603106006,서울특별시 중랑구 숙선옹주로,45,,1126010400100810017009522,E편한세상화랑대,서울특별시 중랑구 숙선옹주로 45,131141,02030,상가,"","",127.082739707302,37.615621892351,POINT (127.082739707302 37.615621892351)
MA010120220811685131,삼성공인중개사사무소,"",L1,부동산,L102,부동산 서비스,L10203,부동산 중개/대리업,L68221,부동산 중개 및 대리업,11,서울특별시,11680,강남구,11680640,역삼1동,1168010100,역삼동,1168010100106960017,1,대지,696,17,서울특별시 강남구 역삼동 696-17,116804166502,서울특별시 강남구 선릉로93길,10,,1168010100106960017022102,"",서울특별시 강남구 선릉로93길 10,135917,06149,"",1,"",127.047512447268,37.5055215072762,POINT (127.047512447268 37.5055215072762)
MA010120220808925008,디테일링세덴,"",S2,수리·개인,S203,자동차 수리·세차,S20301,자동차 정비소,S95212,자동차 전문 수리업,11,서울특별시,11530,구로구,11530540,구로3동,1153010200,구로동,1153010200102370000,1,대지,237,,서울특별시 구로구 구로동 237,115303000026,서울특별시 구로구 디지털로,243,,1153010200102370000022537,지하이시티,서울특별시 구로구 디지털로 243,152848,08382,"",3,"",126.892341926918,37.4819927600035,POINT (126.892341926918 37.4819927600035)
MA010120220809808533,더리치컨설팅부동산중개법인,"",L1,부동산,L102,부동산 서비스,L10203,부동산 중개/대리업,L68221,부동산 중개 및 대리업,11,서울특별시,11710,송파구,11710610,삼전동,1171010600,삼전동,1171010600100490013,1,대지,49,13,서울특별시 송파구 삼전동 49-13,117103123006,서울특별시 송파구 백제고분로,220,,1171010600100490013008743,"",서울특별시 송파구 백제고분로 220,138838,05583,"",4,"",127.090939288338,37.5032435449195,POINT (127.090939288338 37.5032435449195)
MA010120220810484352,필통노래연습장,"",R1,예술·스포츠,R104,유원지·오락,R10407,노래방,R91223,노래 연습장 운영업,11,서울특별시,11380,은평구,11380570,대조동,1138010600,대조동,1138010600100030016,1,대지,3,16,서울특별시 은평구 대조동 3-16,113804133314,서울특별시 은평구 통일로71길,32,,1138010600100030016027588,"",서울특별시 은평구 통일로71길 32,122837,03391,"",지,"",126.927751809955,37.6122861146218,POINT (126.927751809955 37.6122861146218)
MA010120220811919018,디테일링랩,"",S2,수리·개인,S203,자동차 수리·세차,S20302,자동차 세차장,S95213,자동차 세차업,11,서울특별시,11710,송파구,11710620,가락본동,1171010700,가락동,1171010700100100000,1,대지,10,,서울특별시 송파구 가락동 10,117103123016,서울특별시 송파구 중대로,215,,1171010700100100000007395,"",서울특별시 송파구 중대로 215,138800,05702,"",1,"",127.126990403748,37.5012370891938,POINT (127.126990403748 37.5012370891938)
MA010120220808245020,네일비타&푸스케어,건대점,S2,수리·개인,S207,이용·미용,S20703,네일숍,S96119,기타 미용업,11,서울특별시,11215,광진구,11215847,자양4동,1121510500,자양동,1121510500100040019,1,대지,4,19,서울특별시 광진구 자양동 4-19,112154112194,서울특별시 광진구 동일로18길,104,,1121510500100040019021965,"",서울특별시 광진구 동일로18길 104,143841,05075,"",2,"",127.068318335622,37.5382086914583,POINT (127.068318335622 37.5382086914583)
MA010120220809654008,원자,"",G2,소매,G215,의약·화장품 소매,G21503,화장품 소매업,G47813,화장품; 비누 및 방향제 소매업,11,서울특별시,11170,용산구,11170650,이태원1동,1117013000,이태원동,1117013000101290012,1,대지,129,12,서울특별시 용산구 이태원동 129-12,111704106126,서울특별시 용산구 보광로55길,14,,1117013000101290012010041,명칭없음,서울특별시 용산구 보광로55길 14,140865,04391,"",2,"",126.99359629414,37.5331646559211,POINT (126.99359629414 37.5331646559211)
MA010120220810366484,에이피원,"",L1,부동산,L102,부동산 서비스,L10203,부동산 중개/대리업,L68221,부동산 중개 및 대리업,11,서울특별시,11650,서초구,11650560,반포1동,1165010700,반포동,1165010700107460005,1,대지,746,5,서울특별시 서초구 반포동 746-5,116502121001,서울특별시 서초구 사평대로,353,,1165010700107460005027499,서일빌딩,서울특별시 서초구 사평대로 353,137810,06542,"","","",127.021793605057,37.5042496244036,POINT (127.021793605057 37.5042496244036)
MA010120220810368793,두낫띵트립,"",N1,시설관리·임대,N105,여행사·보조,N10501,여행사,N75210,여행사업,11,서울특별시,11650,서초구,11650530,서초3동,1165010800,서초동,1165010800115990002,1,대지,1599,2,서울특별시 서초구 서초동 1599-2,116504163225,서울특별시 서초구 반포대로14길,71,,1165010800115990002022400,"",서울특별시 서초구 반포대로14길 71,137727,06651,"","","",127.014506865658,37.4869063632102,POINT (127.014506865658 37.4869063632102)
MA010120220808250451,케어플러스&I.B,"",G2,소매,G215,의약·화장품 소매,G21502,의료기기 소매업,G47812,의료용 기구 소매업,11,서울특별시,11440,마포구,11440590,용강동,1144010500,용강동,1144010500104940085,1,대지,494,85,서울특별시 마포구 용강동 494-85,114404139058,서울특별시 마포구 대흥로6길,8,,1144010500104940085004100,다산빌딩,서울특별시 마포구 대흥로6길 8,121876,04162,"",1,"",126.93851205771,37.5427174444678,POINT (126.93851205771 37.5427174444678)
MA010120220808194949,아웃도어월드,"",G2,소매,G213,오락용품 소매,G21304,운동용품 소매업,G47631,운동 및 경기용품 소매업,11,서울특별시,11380,은평구,11380690,진관동,1138011400,진관동,1138011400102660018,1,대지,266,18,서울특별시 은평구 진관동 266-18,113804000001,서울특별시 은평구 대서문길,45,14,1138011400102660018000001,"",서울특별시 은평구 대서문길 45-14,122200,03307,"","","",126.950726575889,37.6550407000277,POINT (126.950726575889 37.6550407000277)
MA010120220808195011,범수인테리어,"",S2,수리·개인,S206,기타 가정용품 수리,S20601,의류/이불 수선업,S95391,의복 및 기타 가정용 직물제품 수리업,11,서울특별시,11650,서초구,11650581,반포4동,1165010700,반포동,1165010700100190004,1,대지,19,4,서울특별시 서초구 반포동 19-4,116503121017,서울특별시 서초구 신반포로,194,,1165010700100190004017328,"",서울특별시 서초구 신반포로 194,137713,06545,"",4,"",127.006831199112,37.5064318700918,POINT (127.006831199112 37.5064318700918)
MA010120220809822968,메모리아푸드,"",I2,음식,I210,기타 간이,I21003,피자,I56192,피자; 햄버거; 샌드위치 및 유사 음식점업,11,서울특별시,11530,구로구,11530530,구로2동,1153010200,구로동,1153010200100850000,1,대지,85,,서울특별시 구로구 구로동 85,115304148253,서울특별시 구로구 구로중앙로19길,19,,1153010200100850000023078,"",서울특별시 구로구 구로중앙로19길 19,152840,08306,"",2,"",126.888174263931,37.4942516009847,POINT (126.888174263931 37.4942516009847)
MA010120220810017493,오하운폴댄스학원,"",P1,교육,P106,기타 교육,P10605,레크리에이션 교육기관,P85613,레크리에이션 교육기관,11,서울특별시,11200,성동구,11200670,성수2가1동,1120011500,성수동2가,1120011500103200004,1,대지,320,4,서울특별시 성동구 성수동2가 320-4,112003103003,서울특별시 성동구 성수이로,69,,1120011500103200004000001,"",서울특별시 성동구 성수이로 69,133827,04781,"","","",127.05561424286,37.5413688574647,POINT (127.05561424286 37.5413688574647)
MA010120220807880130,강남에이스공인중개사사무소,"",L1,부동산,L102,부동산 서비스,L10203,부동산 중개/대리업,L68221,부동산 중개 및 대리업,11,서울특별시,11680,강남구,11680640,역삼1동,1168010100,역삼동,1168010100108250020,1,대지,825,20,서울특별시 강남구 역삼동 825-20,116804166743,서울특별시 강남구 테헤란로4길,6,,1168010100108250019026266,"",서울특별시 강남구 테헤란로4길 6,135934,06232,"",3,"",127.029289298281,37.4976616502109,POINT (127.029289298281 37.4976616502109)
MA010120220810401108,크린토피아,"",S2,수리·개인,S209,세탁,S20901,세탁소,S96912,가정용 세탁업,11,서울특별시,11680,강남구,11680720,일원본동,1168011500,수서동,1168011500107470000,1,대지,747,,서울특별시 강남구 수서동 747,116804166074,서울특별시 강남구 광평로31길,27,,1168011500107470000001598,삼성아파트,서울특별시 강남구 광평로31길 27,135521,06354,"",1,"",127.089774999271,37.484836867632,POINT (127.089774999271 37.484836867632)
MA010120220809855058,오케이노래연습장,"",R1,예술·스포츠,R104,유원지·오락,R10407,노래방,R91223,노래 연습장 운영업,11,서울특별시,11410,서대문구,11410720,북가좌2동,1141011900,북가좌동,1141011900102990004,1,대지,299,4,서울특별시 서대문구 북가좌동 299-4,114103005055,서울특별시 서대문구 응암로,82,,1141011900102990004001341,"",서울특별시 서대문구 응암로 82,120812,03683,"",2,"",126.911831500461,37.5801369403908,POINT (126.911831500461 37.5801369403908)
MA010120220810660928,고전,"",G2,소매,G218,장식품 소매,G21801,예술품 소매업,G47841,예술품 및 골동품 소매업,11,서울특별시,11230,동대문구,11230610,답십리2동,1123010500,답십리동,1123010500109610009,1,대지,961,9,서울특별시 동대문구 답십리동 961-9,112303105003,서울특별시 동대문구 고미술로,99,,1123010500109610009020285,우성상가,서울특별시 동대문구 고미술로 99,130809,02622,"","","",127.057985428174,37.564117914898,POINT (127.057985428174 37.564117914898)
MA010120220808610814,몬스터푸드,"",I2,음식,I212,비알코올 ,I21201,카페,I56229,기타 비알코올 음료점업,11,서울특별시,11620,관악구,11620695,신림동,1162010200,신림동,1162010200114540003,1,대지,1454,3,서울특별시 관악구 신림동 1454-3,116204160445,서울특별시 관악구 봉천로6길,36,,1162010200114540003012516,"",서울특별시 관악구 봉천로6길 36,151928,08706,"",1,"",126.925508364821,37.4881181511158,POINT (126.925508364821 37.4881181511158)
MA010120220812265019,담원인터내셔널,"",G2,소매,G213,오락용품 소매,G21302,문구/회화용품 소매업,G47612,문구용품 및 회화용품 소매업,11,서울특별시,11680,강남구,11680640,역삼1동,1168010100,역삼동,1168010100106680004,1,대지,668,4,서울특별시 강남구 역삼동 668-4,116803121022,서울특별시 강남구 논현로,518,,1168010100106680004023047,여산빌딩,서울특별시 강남구 논현로 518,135914,06140,"",2,"",127.036325783651,37.5028855311117,POINT (127.036325783651 37.5028855311117)
MA010120220812668160,신세계말본골프,본점,G2,소매,G213,오락용품 소매,G21304,운동용품 소매업,G47631,운동 및 경기용품 소매업,11,서울특별시,11140,중구,11140540,회현동,1114012400,충무로1가,1114012400100520005,1,대지,52,5,서울특별시 중구 충무로1가 52-5,111403101004,서울특별시 중구 소공로,63,,1114012400100520005000001,신관신세계백화점,서울특별시 중구 소공로 63,100747,04530,"",5,"",126.980985486695,37.560914065493,POINT (126.980985486695 37.560914065493)
MA010120220809616584,더범파트너스,"",M1,과학·기술,M107,본사·경영 컨설팅,M10703,경영 컨설팅업,M71531,경영 컨설팅업,11,서울특별시,11470,양천구,11470540,목4동,1147010200,목동,1147010200107550001,1,대지,755,1,서울특별시 양천구 목동 755-1,114704142163,서울특별시 양천구 목동중앙본로1길,11,,1147010200107550001017421,현대아파트,서울특별시 양천구 목동중앙본로1길 11,158817,07961,101,5,"",126.870016406626,37.5382109764195,POINT (126.870016406626 37.5382109764195)
MA010120220809672587,원만쥬벌판,"",I2,음식,I210,기타 간이,I21001,빵/도넛,I56191,제과점업,11,서울특별시,11440,마포구,11440680,합정동,1144012200,합정동,1144012200104140000,1,대지,414,,서울특별시 마포구 합정동 414,114403113014,서울특별시 마포구 양화로,45,,1144012000103930007000001,합정역,서울특별시 마포구 양화로 45,121883,04027,622,"","",126.913542864877,37.5491259247761,POINT (126.913542864877 37.5491259247761)
MA010120220810394589,베이바이허슬기블랑점,"",S2,수리·개인,S207,이용·미용,S20701,미용실,S96112,두발 미용업,11,서울특별시,11440,마포구,11440660,서교동,1144012000,서교동,1144012000103580030,1,대지,358,30,서울특별시 마포구 서교동 358-30,114404139458,서울특별시 마포구 와우산로21길,4,,1144012000103580030010224,"",서울특별시 마포구 와우산로21길 4,121838,04040,"",2,"",126.923723979523,37.5526828730632,POINT (126.923723979523 37.5526828730632)
MA010120220810145216,개미와레이저,"",M1,과학·기술,M105,광고,M10504,광고물 설계/제작업,M71393,광고물 문안; 도안; 설계 등 작성업,11,서울특별시,11200,성동구,11200620,금호4가동,1120011200,금호동4가,1120011200110920001,1,대지,1092,1,서울특별시 성동구 금호동4가 1092-1,112004109091,서울특별시 성동구 독서당로47길,8,,1120011200110920001011777,금호빌딩,서울특별시 성동구 독서당로47길 8,133809,04725,"",2,"",127.020357876792,37.5480566032144,POINT (127.020357876792 37.5480566032144)
MA010120220812354707,라뜰리에,"",I2,음식,I207,구내식당·뷔페,I20701,구내식당,I56130,기관 구내식당업,11,서울특별시,11110,종로구,11110615,종로1.2.3.4가동,1111012400,수송동,1111012400100830001,1,대지,83,1,서울특별시 종로구 수송동 83-1,111104100234,서울특별시 종로구 율곡로2길,19,,1111012400100850007017537,수송스퀘어,서울특별시 종로구 율곡로2길 19,110774,03143,"",1,"",126.981095241618,37.57447406929,POINT (126.981095241618 37.57447406929)
MA010120220809649388,해뜨는죽변물회막회,"",I2,음식,I201,한식,I20111,횟집,I56111,한식 일반 음식점업,11,서울특별시,11500,강서구,11500591,화곡6동,1150010300,화곡동,1150010300111130012,1,대지,1113,12,서울특별시 강서구 화곡동 1113-12,115004145190,서울특별시 강서구 공항대로46길,13,10,1150010300111130012015767,"",서울특별시 강서구 공항대로46길 13-10,157928,07654,"",1,"",126.853307103931,37.554238181777,POINT (126.853307103931 37.554238181777)
MA010120220808415025,초이투어,"",N1,시설관리·임대,N105,여행사·보조,N10501,여행사,N75210,여행사업,11,서울특별시,11710,송파구,11710532,거여2동,1171011300,거여동,1171011300100300000,1,대지,30,,서울특별시 송파구 거여동 30,117104169414,서울특별시 송파구 오금로62길,13,8,1171011300100300000022546,드림코워킹스페이스,서울특별시 송파구 오금로62길 13-8,138814,05773,"","","",127.146911109739,37.4924021578084,POINT (127.146911109739 37.4924021578084)
MA010120220808468196,메이크잇스터디카페,"",R1,예술·스포츠,R102,도서관·사적지,R10202,독서실/스터디 카페,L68112,비주거용 건물 임대업,11,서울특별시,11305,강북구,11305608,번3동,1130510200,번동,1130510200102420001,1,대지,242,1,서울특별시 강북구 번동 242-1,113054124549,서울특별시 강북구 한천로105길,33,,1130510200102420001014431,"",서울특별시 강북구 한천로105길 33,142063,01230,"","","",127.045855549507,37.6255258230566,POINT (127.045855549507 37.6255258230566)
MA010120220808468299,아틀리에히비스커스,"",G2,소매,G209,섬유·의복·신발 소매,G20911,가방 소매업,G47440,가방 및 기타 가죽제품 소매업,11,서울특별시,11440,마포구,11440690,망원1동,1144012300,망원동,1144012300104060001,1,대지,406,1,서울특별시 마포구 망원동 406-1,114404139200,서울특별시 마포구 망원로2길,36,,1144012300104060001029154,우측,서울특별시 마포구 망원로2길 36,121822,04007,"",1,"",126.901392725775,37.5549458592882,POINT (126.901392725775 37.5549458592882)
MA010120220808469093,세종약국,"",G2,소매,G215,의약·화장품 소매,G21501,약국,G47811,의약품 및 의료용품 소매업,11,서울특별시,11110,종로구,11110530,사직동,1111011700,당주동,1111011700101000000,1,대지,100,,서울특별시 종로구 당주동 100,111104100190,서울특별시 종로구 세종대로23길,54,,1111011700101000000028562,세종,서울특별시 종로구 세종대로23길 54,110724,03173,"",1,"",126.973307867206,37.5718596801394,POINT (126.973307867206 37.5718596801394)
MA010120220809878090,콤팩트레코드바,"",I2,음식,I211,주점,I21104,요리 주점,I56219,기타 주점업,11,서울특별시,11680,강남구,11680510,신사동,1168010700,신사동,1168010700105530027,1,대지,553,27,서울특별시 강남구 신사동 553-27,116804166149,서울특별시 강남구 논현로157길,28,,1168010700105530027011010,"",서울특별시 강남구 논현로157길 28,135890,06033,"",1,"",127.025746814738,37.5221788101446,POINT (127.025746814738 37.5221788101446)
MA010120220810090387,코어밸류매니지먼트,"",M1,과학·기술,M105,광고,M10501,광고 대행업,M71310,광고 대행업,11,서울특별시,11680,강남구,11680521,논현1동,1168010800,논현동,1168010800101900011,1,대지,190,11,서울특별시 강남구 논현동 190-11,116804166343,서울특별시 강남구 봉은사로25길,23,,1168010800101900011008762,정선빌딩,서울특별시 강남구 봉은사로25길 23,135826,06122,"",3,"",127.032041921766,37.5085000332685,POINT (127.032041921766 37.5085000332685)
MA010120220810243030,육전면사무소,"",I2,음식,I201,한식,I20106,냉면/밀면,I56112,한식 면 요리 전문점,11,서울특별시,11110,종로구,11110630,종로5.6가동,1111016000,연지동,1111016000102060000,1,대지,206,,서울특별시 종로구 연지동 206,111104100321,서울특별시 종로구 종로31길,34,,1111016000102060000013236,연지빌딩,서울특별시 종로구 종로31길 34,110470,03129,"",1,"",126.999456645069,37.5723582437313,POINT (126.999456645069 37.5723582437313)
MA010120220810297709,영어나무학원,"",P1,교육,P105,일반 교육,P10501,입시·교과학원,P85501,일반 교과학원,11,서울특별시,11680,강남구,11680600,대치1동,1168010600,대치동,1168010600106060001,1,대지,606,1,서울특별시 강남구 대치동 606-1,116802000003,서울특별시 강남구 남부순환로,2941,,1168010600106060001014349,대치탑프라자,서울특별시 강남구 남부순환로 2941,135835,06280,"",2,"",127.061934442904,37.49426126113,POINT (127.061934442904 37.49426126113)
MA010120220811215982,북경루,"",I2,음식,I202,중식,I20201,중국집,I56121,중식 음식점업,11,서울특별시,11215,광진구,11215850,구의1동,1121510300,구의동,1121510300102290002,1,대지,229,2,서울특별시 광진구 구의동 229-2,112153104004,서울특별시 광진구 구의로,73,,1121510300102290002008737,"",서울특별시 광진구 구의로 73,143962,05032,"","","",127.090400910642,37.5444557981471,POINT (127.090400910642 37.5444557981471)
MA010120220808277869,신쇼양꼬치튀김,"",I2,음식,I202,중식,I20201,중국집,I56121,중식 음식점업,11,서울특별시,11560,영등포구,11560710,대림2동,1156013300,대림동,1156013300110590009,1,대지,1059,9,서울특별시 영등포구 대림동 1059-9,115604154246,서울특별시 영등포구 도림로36길,17,1,1156013300110590009004222,"",서울특별시 영등포구 도림로36길 17-1,150825,07416,"",1,"",126.896851610038,37.4913132035583,POINT (126.896851610038 37.4913132035583)
MA010120220809901856,마산아구찜,"",I2,음식,I201,한식,I20112,해산물 구이/찜,I56111,한식 일반 음식점업,11,서울특별시,11200,성동구,11200535,왕십리도선동,1120010400,도선동,1120010400103430011,1,대지,343,11,서울특별시 성동구 도선동 343-11,112004109445,서울특별시 성동구 왕십리로30길,2,1,1120010400103430011023275,"",서울특별시 성동구 왕십리로30길 2-1,133883,04707,"",1,"",127.030968028298,37.5646236408253,POINT (127.030968028298 37.5646236408253)
MA010120220807823532,술마시는까페,"",I2,음식,I211,주점,I21104,요리 주점,I56219,기타 주점업,11,서울특별시,11545,금천구,11545630,독산3동,1154510200,독산동,1154510200101780002,1,대지,178,2,서울특별시 금천구 독산동 178-2,115454151165,서울특별시 금천구 독산로85길,7,,1154510200101780038017667,"",서울특별시 금천구 독산로85길 7,153807,08546,"",2,"",126.902665771736,37.4723158661212,POINT (126.902665771736 37.4723158661212)
MA010120220810234333,샹떼헤어,"",S2,수리·개인,S207,이용·미용,S20701,미용실,S96112,두발 미용업,11,서울특별시,11305,강북구,11305660,인수동,1130510300,수유동,1130510300105400032,1,대지,540,32,서울특별시 강북구 수유동 540-32,113054124539,서울특별시 강북구 인수봉로79길,40,,1130510300105400032001383,"",서울특별시 강북구 인수봉로79길 40,142887,01015,"",1,"",127.009041938174,37.6439505304849,POINT (127.009041938174 37.6439505304849)
MA010120220811134663,코인워시365여의대방로살구점,"",S2,수리·개인,S209,세탁,S20901,세탁소,S96912,가정용 세탁업,11,서울특별시,11560,영등포구,11560680,신길6동,1156013200,신길동,1156013200144480000,1,대지,4448,,서울특별시 영등포구 신길동 4448,115603118028,서울특별시 영등포구 여의대방로,81,3,1156013200144480000009350,"",서울특별시 영등포구 여의대방로 81-3,150860,07434,"",1,"",126.915627059821,37.497139597787,POINT (126.915627059821 37.497139597787)
MA010120220808000142,굿모닝홈,"",N1,시설관리·임대,N102,청소·방제,N10201,건축물 일반 청소업,N74211,건축물 일반 청소업,11,서울특별시,11620,관악구,11620525,보라매동,1162010100,봉천동,1162010100106620116,1,대지,662,116,서울특별시 관악구 봉천동 662-116,116204160410,서울특별시 관악구 봉천로21길,26,,1162010100106620116038338,"",서울특별시 관악구 봉천로21길 26,151829,08719,"","","",126.934305384683,37.4880693097168,POINT (126.934305384683 37.4880693097168)
MA010120220808775044,송파제일번역.일반행정사사무소,"",M1,과학·기술,M103,법무관련 ,M10306,행정사,M73902,번역 및 통역 서비스업,11,서울특별시,11710,송파구,11710620,가락본동,1171010700,가락동,1171010700100990003,1,대지,99,3,서울특별시 송파구 가락동 99-3,117102005011,서울특별시 송파구 송파대로,260,,1171010700100990004007451,제일오피스텔,서울특별시 송파구 송파대로 260,138715,05719,"",8,"",127.118857600509,37.4931364975211,POINT (127.118857600509 37.4931364975211)
MA010120220808914910,서울식당,"",I2,음식,I201,한식,I20101,백반/한정식,I56111,한식 일반 음식점업,11,서울특별시,11470,양천구,11470520,목2동,1147010200,목동,1147010200105140001,1,대지,514,1,서울특별시 양천구 목동 514-1,114702005007,서울특별시 양천구 공항대로,620,,1147010200105140001019290,"",서울특별시 양천구 공항대로 620,158808,07968,"",1,"",126.873815370328,37.5465763682633,POINT (126.873815370328 37.5465763682633)
MA010120220812644408,위드수학교습소,"",P1,교육,P105,일반 교육,P10501,입시·교과학원,P85501,일반 교과학원,11,서울특별시,11290,성북구,11290780,장위3동,1129013800,장위동,1129013800103160002,1,대지,316,2,서울특별시 성북구 장위동 316-2,112904121701,서울특별시 성북구 한천로101길,54,,1129013800103040000000001,장월에스에이치빌,서울특별시 성북구 한천로101길 54,136723,02758,"",3,"",127.047700220334,37.6227320319002,POINT (127.047700220334 37.6227320319002)
MA010120220810039011,문어천하,방이점,I2,음식,I201,한식,I20112,해산물 구이/찜,I56114,한식 해산물 요리 전문점,11,서울특별시,11710,송파구,11710562,방이2동,1171011100,방이동,1171011100100340002,1,대지,34,2,서울특별시 송파구 방이동 34-2,117104169374,서울특별시 송파구 오금로11길,11,8,1171011100100340002000001,현대드림밸리,서울특별시 송파구 오금로11길 11-8,138827,05542,"","","",127.108757380663,37.5149775804282,POINT (127.108757380663 37.5149775804282)
MA010120220810094148,녹색공인중개사사무소,"",L1,부동산,L102,부동산 서비스,L10203,부동산 중개/대리업,L68221,부동산 중개 및 대리업,11,서울특별시,11680,강남구,11680640,역삼1동,1168010100,역삼동,1168010100107520025,1,대지,752,25,서울특별시 강남구 역삼동 752-25,116804166725,서울특별시 강남구 테헤란로22길,79,,1168010100107520025025071,"",서울특별시 강남구 테헤란로22길 79,135925,06244,"",1,"",127.033890895883,37.4954349333833,POINT (127.033890895883 37.4954349333833)
MA010120220808797475,본죽&비빔밥CAFE,연신내점,I2,음식,I201,한식,I20101,백반/한정식,I56111,한식 일반 음식점업,11,서울특별시,11380,은평구,11380520,불광1동,1138010300,불광동,1138010300103090000,1,대지,309,,서울특별시 은평구 불광동 309,113803111006,서울특별시 은평구 연서로,252,,1138010300103090022038308,"",서울특별시 은평구 연서로 252,122859,03350,"",1,"",126.9229195593,37.6194549232984,POINT (126.9229195593 37.6194549232984)
MA010120220812530037,제이에이치기구필라테스,"",P1,교육,P106,기타 교육,P10603,요가/필라테스 학원,P85612,기타 스포츠 교육기관,11,서울특별시,11740,강동구,11740685,길동,1174010500,길동,1174010500103200003,1,대지,320,3,서울특별시 강동구 길동 320-3,117402000006,서울특별시 강동구 양재대로,1558,,1174010500103200003001692,"",서울특별시 강동구 양재대로 1558,134810,05302,"",4,"",127.142837977907,37.544593221273,POINT (127.142837977907 37.544593221273)
MA010120220809459826,구파발프레즐,"",I2,음식,I210,기타 간이,I21001,빵/도넛,I56191,제과점업,11,서울특별시,11290,성북구,11290630,정릉2동,1129013300,정릉동,1129013300104060000,1,대지,406,,서울특별시 성북구 정릉동 406,112903107004,서울특별시 성북구 보국문로,19,,1129013300104060000054859,정릉푸르지오,서울특별시 성북구 보국문로 19,136795,02710,106,"","",127.009705597772,37.6066225882468,POINT (127.009705597772 37.6066225882468)
MA010120220812188621,땅스부대찌개시흥현대,시장점,I2,음식,I201,한식,I20102,국/탕/찌개류,G47219,기타 식료품 소매업,11,서울특별시,11545,금천구,11545670,시흥1동,1154510300,시흥동,1154510300108520011,1,대지,852,11,서울특별시 금천구 시흥동 852-11,115454151093,서울특별시 금천구 독산로39길,21,,1154510300108520011005336,"",서울특별시 금천구 독산로39길 21,153856,08622,"",1,"",126.904299847139,37.4585948021556,POINT (126.904299847139 37.4585948021556)
MA010120220809278124,잉꼬세탁,"",S2,수리·개인,S209,세탁,S20901,세탁소,S96912,가정용 세탁업,11,서울특별시,11680,강남구,11680610,대치2동,1168010600,대치동,1168010600109550023,1,대지,955,23,서울특별시 강남구 대치동 955-23,116804166665,서울특별시 강남구 역삼로83길,12,,1168010600109550023027586,"",서울특별시 강남구 역삼로83길 12,135847,06184,"",1,"",127.0597713469,37.5043716637966,POINT (127.0597713469 37.5043716637966)
MA010120220810204860,성북예술원,"",P1,교육,P105,일반 교육,P10501,입시·교과학원,P85501,일반 교과학원,11,서울특별시,11290,성북구,11290685,길음2동,1129013400,길음동,1129013400105160003,1,대지,516,3,서울특별시 성북구 길음동 516-3,112903107003,서울특별시 성북구 동소문로,311,,1129013400105170031024717,천산빌딩,서울특별시 성북구 동소문로 311,136800,02732,"",2,"",127.028743497428,37.6077457241745,POINT (127.028743497428 37.6077457241745)
MA010120220811130367,한국중소기업무역촉진중앙회,"",M1,과학·기술,M107,본사·경영 컨설팅,M10703,경영 컨설팅업,M71531,경영 컨설팅업,11,서울특별시,11230,동대문구,11230545,제기동,1123010300,제기동,1123010300109650001,1,대지,965,1,서울특별시 동대문구 제기동 965-1,112304115261,서울특별시 동대문구 약령중앙로8길,10,,1123010300109650001031604,삼정빌딩,서울특별시 동대문구 약령중앙로8길 10,130864,02570,"","","",127.037756474942,37.5815243293261,POINT (127.037756474942 37.5815243293261)
MA010120220811130586,윈블리,"",M1,과학·기술,M112,전문 디자인,M11204,패션/섬유/기타 전문 디자인업,M73209,패션; 섬유류 및 기타 전문 디자인업,11,서울특별시,11410,서대문구,11410615,연희동,1141011700,연희동,1141011700100760019,1,대지,76,19,서울특별시 서대문구 연희동 76-19,114104136270,서울특별시 서대문구 연희로26가길,15,,1141011700100760019017915,장영빌딩,서울특별시 서대문구 연희로26가길 15,120823,03720,"",3,"",126.936177307912,37.5736834752843,POINT (126.936177307912 37.5736834752843)
MA010120220808115233,스텝백신발,"",G2,소매,G209,섬유·의복·신발 소매,G20910,신발 소매업,G47430,신발 소매업,11,서울특별시,11110,종로구,11110615,종로1.2.3.4가동,1111013700,낙원동,1111013700102440003,1,대지,244,3,서울특별시 종로구 낙원동 244-3,111102100001,서울특별시 종로구 삼일대로,426,,1111013700102440003016796,"",서울특별시 종로구 삼일대로 426,110320,03140,"",1,"",126.988080136962,37.5724477427158,POINT (126.988080136962 37.5724477427158)
MA010120220807752208,미래유통,"",M1,과학·기술,M105,광고,M10502,옥외/전시 광고 대행업,M71391,옥외 및 전시 광고업,11,서울특별시,11545,금천구,11545630,독산3동,1154510200,독산동,1154510200102340066,1,대지,234,66,서울특별시 금천구 독산동 234-66,115454151179,서울특별시 금천구 독산로96길,17,,1154510200102340066018022,"",서울특별시 금천구 독산로96길 17,153810,08552,"","","",126.904516224393,37.4750924861417,POINT (126.904516224393 37.4750924861417)
MA010120220808445316,연승당구클럽,"",R1,예술·스포츠,R103,스포츠 서비스,R10310,당구장,R91135,당구장 운영업,11,서울특별시,11500,강서구,11500520,등촌1동,1150010200,등촌동,1150010200106400006,1,대지,640,6,서울특별시 강서구 등촌동 640-6,115004145188,서울특별시 강서구 공항대로45길,49,,1150010200106400006026714,"",서울특별시 강서구 공항대로45길 49,157840,07568,"",2,"",126.855733979044,37.5575117904732,POINT (126.855733979044 37.5575117904732)
MA010120220808496143,수산해물,"",I2,음식,I201,한식,I20111,횟집,I56111,한식 일반 음식점업,11,서울특별시,11170,용산구,11170530,남영동,1117010700,동자동,1117010700100350027,1,대지,35,27,서울특별시 용산구 동자동 35-27,111704106594,서울특별시 용산구 후암로57길,61,,1117010700100350027023324,"",서울특별시 용산구 후암로57길 61,140821,04324,"","","",126.974130197391,37.5507404999446,POINT (126.974130197391 37.5507404999446)
MA010120220810127643,스카이컨설팅부동산중개,"",L1,부동산,L102,부동산 서비스,L10203,부동산 중개/대리업,L68221,부동산 중개 및 대리업,11,서울특별시,11545,금천구,11545510,가산동,1154510100,가산동,1154510100100600044,1,대지,60,44,서울특별시 금천구 가산동 60-44,115454151195,서울특별시 금천구 디지털로9길,46,,1154510100100600044000001,이앤씨드림타워7차,서울특별시 금천구 디지털로9길 46,153791,08512,"","","",126.887098739079,37.4800597078405,POINT (126.887098739079 37.4800597078405)
MA010120220811486421,초이스에듀케이션,"",P1,교육,P107,교육 지원,P10799,기타 교육지원 서비스업,P85709,기타 교육지원 서비스업,11,서울특별시,11470,양천구,11470670,신정6동,1147010100,신정동,1147010100103180006,1,대지,318,6,서울특별시 양천구 신정동 318-6,114703114003,서울특별시 양천구 목동서로,287,,1147010100103180006000653,"",서울특별시 양천구 목동서로 287,158740,08011,"","","",126.86908384018,37.5215143987179,POINT (126.86908384018 37.5215143987179)
MA010120220808395204,써니,"",I2,음식,I211,주점,I21101,일반 유흥 주점,I56211,일반 유흥 주점업,11,서울특별시,11740,강동구,11740685,길동,1174010500,길동,1174010500104150007,1,대지,415,7,서울특별시 강동구 길동 415-7,117404172385,서울특별시 강동구 천호대로175길,55,,1174010500104150007002949,"",서울특별시 강동구 천호대로175길 55,134814,05354,"",3,"",127.137325098014,37.5372566177035,POINT (127.137325098014 37.5372566177035)
MA010120220808701648,우아미에스테틱,"",S2,수리·개인,S207,이용·미용,S20702,피부 관리실,S96113,피부 미용업,11,서울특별시,11710,송파구,11710646,장지동,1171010800,문정동,1171010800100820000,1,대지,82,,서울특별시 송파구 문정동 82,117104169241,서울특별시 송파구 새말로6길,33,,1171010800100820000003236,다온빌리지,서울특별시 송파구 새말로6길 33,138868,05810,"",1,"",127.128767778897,37.4825482847456,POINT (127.128767778897 37.4825482847456)
MA010120220812100138,워시앤드라이,"",S2,수리·개인,S209,세탁,S20901,세탁소,S96912,가정용 세탁업,11,서울특별시,11500,강서구,11500520,등촌1동,1150010200,등촌동,1150010200106330017,1,대지,633,17,서울특별시 강서구 등촌동 633-17,115004145420,서울특별시 강서구 양천로66길,21,,1150010200106330017029530,등촌투웨니퍼스트2차,서울특별시 강서구 양천로66길 21,157839,07553,201,1,"",126.865167737729,37.5540901420518,POINT (126.865167737729 37.5540901420518)
MA010120220811198814,포시즌,"",I2,음식,I211,주점,I21104,요리 주점,I56219,기타 주점업,11,서울특별시,11290,성북구,11290575,동선동,1129011600,동선동1가,1129011600100040008,1,대지,4,8,서울특별시 성북구 동선동1가 4-8,112904121093,서울특별시 성북구 동소문로20길,29,11,1129011600100040008045127,"",서울특별시 성북구 동소문로20길 29-11,136051,02845,"",지,"",127.017369165102,37.5915030808618,POINT (127.017369165102 37.5915030808618)
MA010120220811998995,아페,1호점,I2,음식,I212,비알코올 ,I21201,카페,I56221,커피 전문점,11,서울특별시,11500,강서구,11500640,방화2동,1150010900,방화동,1150010900106210037,1,대지,621,37,서울특별시 강서구 방화동 621-37,115003000011,서울특별시 강서구 개화동로,565,,1150010900106210024002588,동아빌딩,서울특별시 강서구 개화동로 565,157853,07620,"","","",126.807441252473,37.5620560046239,POINT (126.807441252473 37.5620560046239)
MA010120220809888062,케이웍스컨설팅,"",N1,시설관리·임대,N104,고용 알선,N10401,고용 알선업,N75110,고용 알선업,11,서울특별시,11530,구로구,11530540,구로3동,1153010200,구로동,1153010200101970010,1,대지,197,10,서울특별시 구로구 구로동 197-10,115304148340,서울특별시 구로구 디지털로33길,55,,1153010200101970010022767,이앤씨벤처드림타워2차,서울특별시 구로구 디지털로33길 55,152719,08376,"","","",126.893047425116,37.4867597335997,POINT (126.893047425116 37.4867597335997)
MA010120220809888900,퍼스트영어교습소,"",P1,교육,P105,일반 교육,P10501,입시·교과학원,P85501,일반 교과학원,11,서울특별시,11530,구로구,11530520,구로1동,1153010200,구로동,1153010200106850124,1,대지,685,124,서울특별시 구로구 구로동 685-124,115304148292,서울특별시 구로구 구일로8길,92,,1153010200106850124025013,중앙하이츠아파트,서울특별시 구로구 구일로8길 92,152762,08323,상가,1,"",126.876317640878,37.4977356870058,POINT (126.876317640878 37.4977356870058)
MA010120220811368367,DS당구클럽,"",R1,예술·스포츠,R103,스포츠 서비스,R10310,당구장,R91135,당구장 운영업,11,서울특별시,11410,서대문구,11410720,북가좌2동,1141011900,북가좌동,1141011900103270013,1,대지,327,13,서울특별시 서대문구 북가좌동 327-13,114103005055,서울특별시 서대문구 응암로,103,,1141011900103270013000853,"",서울특별시 서대문구 응암로 103,120814,03678,"","","",126.912712281506,37.5820747308763,POINT (126.912712281506 37.5820747308763)
MA010120220812195753,포워드옵저버,"",M1,과학·기술,M105,광고,M10501,광고 대행업,M71310,광고 대행업,11,서울특별시,11680,강남구,11680630,대치4동,1168010600,대치동,1168010600108960050,1,대지,896,50,서울특별시 강남구 대치동 896-50,116804166755,서울특별시 강남구 테헤란로70길,28,,1168010600108960050012502,"",서울특별시 강남구 테헤란로70길 28,135840,06197,"","","",127.053776823798,37.5037798812912,POINT (127.053776823798 37.5037798812912)
MA010120220812583850,한남타츠대사관로점,"",I2,음식,I211,주점,I21104,요리 주점,I56219,기타 주점업,11,서울특별시,11170,용산구,11170685,한남동,1117013100,한남동,1117013100106570160,1,대지,657,160,서울특별시 용산구 한남동 657-160,111704106029,서울특별시 용산구 대사관로31길,17,,1117013100106570160006193,"",서울특별시 용산구 대사관로31길 17,140887,04401,"",1,"",127.005747565557,37.53407470067,POINT (127.005747565557 37.53407470067)
MA010120220809590187,스위트드림플라워,"",G2,소매,G219,식물 소매,G21901,꽃집,G47851,화초 및 식물 소매업,11,서울특별시,11740,강동구,11740570,암사1동,1174010700,암사동,1174010700105010000,1,대지,501,,서울특별시 강동구 암사동 501,117403123023,서울특별시 강동구 올림픽로,776,,1174010700105480000000001,암사역,서울특별시 강동구 올림픽로 776,134859,05264,810,"","",127.127537308633,37.5501428676898,POINT (127.127537308633 37.5501428676898)
MA010120220808583738,거기시켜덮밥&간식,"",I2,음식,I210,기타 간이,I21099,그 외 기타 간이 음식점,I56199,간이 음식 포장 판매 전문점,11,서울특별시,11620,관악구,11620605,은천동,1162010100,봉천동,1162010100109320020,1,대지,932,20,서울특별시 관악구 봉천동 932-20,116203005083,서울특별시 관악구 봉천로,373,16,1162010100109320020040096,두산아트빌,서울특별시 관악구 봉천로 373-16,151843,08750,"",1,"",126.942054016363,37.483892686414,POINT (126.942054016363 37.483892686414)
MA010120220811089982,윌시,코리아,G2,소매,G217,시계·귀금속 소매,G21701,시계/귀금속 소매업,G47830,시계 및 귀금속 소매업,11,서울특별시,11440,마포구,11440660,서교동,1144012100,동교동,1144012100101560002,1,대지,156,2,서울특별시 마포구 동교동 156-2,114403113014,서울특별시 마포구 양화로,175,,1144012100101560002022656,마젤란21오피스텔,서울특별시 마포구 양화로 175,121816,03994,"","","",126.924363916609,37.5577559005165,POINT (126.924363916609 37.5577559005165)
MA010120220810418826,헤어블라썸,신대방점,S2,수리·개인,S207,이용·미용,S20701,미용실,S96112,두발 미용업,11,서울특별시,11590,동작구,11590670,신대방1동,1159010900,신대방동,1159010900105880007,1,대지,588,7,서울특별시 동작구 신대방동 588-7,115902005010,서울특별시 동작구 시흥대로,664,1,1159010900105880007003139,"",서울특별시 동작구 시흥대로 664-1,156852,07068,"",2,"",126.908521673482,37.4908452823452,POINT (126.908521673482 37.4908452823452)
MA010120220808246961,루이국수,"",I2,음식,I201,한식,I20105,국수/칼국수,I56112,한식 면 요리 전문점,11,서울특별시,11560,영등포구,11560710,대림2동,1156013300,대림동,1156013300110680010,1,대지,1068,10,서울특별시 영등포구 대림동 1068-10,115604154362,서울특별시 영등포구 디지털로37길,20,,1156013300110680010003089,"",서울특별시 영등포구 디지털로37길 20,150825,07419,"",1,"",126.898345475448,37.4903864610199,POINT (126.898345475448 37.4903864610199)
MA010120220808116826,에덴,"",I1,숙박,I102,기타 숙박,I10201,기숙사/고시원,I55901,기숙사 및 고시원 운영업,11,서울특별시,11110,종로구,11110650,혜화동,1111017000,명륜1가,1111017000100160020,1,대지,16,20,서울특별시 종로구 명륜1가 16-20,111103100008,서울특별시 종로구 성균관로,58,7,1111017000100160020000001,"",서울특별시 종로구 성균관로 58-7,110530,03069,"","","",126.997044892283,37.5879273820097,POINT (126.997044892283 37.5879273820097)
MA010120220809376854,미래월드이엔씨,"",M1,과학·기술,M109,기술 서비스,M10999,기타 엔지니어링 서비스업,M72129,기타 엔지니어링 서비스업,11,서울특별시,11650,서초구,11650540,잠원동,1165010600,잠원동,1165010600100310012,1,대지,31,12,서울특별시 서초구 잠원동 31-12,116504163459,서울특별시 서초구 신반포로45길,74,,1165010600100310012019393,화신빌딩,서울특별시 서초구 신반포로45길 74,137904,06527,"",2,"",127.016638396025,37.5131253601616,POINT (127.016638396025 37.5131253601616)
MA010120220810238232,갤러리미스터고트,"",N1,시설관리·임대,N108,기타 사업 서비스,N10802,전시/컨벤션/행사 대행 서비스업,N75992,전시; 컨벤션 및 행사 대행업,11,서울특별시,11650,서초구,11650660,내곡동,1165011100,신원동,1165011100102160018,1,대지,216,18,서울특별시 서초구 신원동 216-18,116504163579,서울특별시 서초구 청룡마을길,13,,1165011100102160018001641,"",서울특별시 서초구 청룡마을길 13,137180,06802,"",2,"",127.058403000957,37.4464103900374,POINT (127.058403000957 37.4464103900374)
MA010120220808777801,찰리장헤어뉴스,"",S2,수리·개인,S207,이용·미용,S20701,미용실,S96112,두발 미용업,11,서울특별시,11530,구로구,11530750,개봉2동,1153010700,개봉동,1153010700104810000,1,대지,481,,서울특별시 구로구 개봉동 481,115304148049,서울특별시 구로구 개봉로20길,6,,1153010700104810000008535,현대아파트,서울특별시 구로구 개봉로20길 6,152755,08329,상가2,2,"",126.859318599028,37.4928782637583,POINT (126.859318599028 37.4928782637583)
MA010120220810116070,작은공간,"",I2,음식,I210,기타 간이,I21007,김밥/만두/분식,I56194,김밥 및 기타 간이 음식점업,11,서울특별시,11530,구로구,11530540,구로3동,1153010200,구로동,1153010200107980030,1,대지,798,30,서울특별시 구로구 구로동 798-30,115304148329,서울특별시 구로구 디지털로27길,116,,1153010200107980032000001,명칭없음,서울특별시 구로구 디지털로27길 116,152875,08374,"",1,"",126.888086431571,37.4849080724332,POINT (126.888086431571 37.4849080724332)
MA010120220811656439,아토,"",G2,소매,G209,섬유·의복·신발 소매,G20902,여성 의류 소매업,G47412,여자용 겉옷 소매업,11,서울특별시,11740,강동구,11740530,명일1동,1174010100,명일동,1174010100103360017,1,대지,336,17,서울특별시 강동구 명일동 336-17,117404172251,서울특별시 강동구 양재대로134길,11,,1174010100103360017022879,"",서울특별시 강동구 양재대로134길 11,134830,05295,"",1,"",127.144349145364,37.5477989376607,POINT (127.144349145364 37.5477989376607)
MA010120220810167599,다우정보,"",M1,과학·기술,M107,본사·경영 컨설팅,M10703,경영 컨설팅업,M71531,경영 컨설팅업,11,서울특별시,11560,영등포구,11560550,당산1동,1156011100,당산동1가,1156011100100090001,1,대지,9,1,서울특별시 영등포구 당산동1가 9-1,115604154708,서울특별시 영등포구 영등포로28길,5,,1156011100100090001037314,코오롱,서울특별시 영등포구 영등포로28길 5,150800,07292,"",2,"",126.899255540199,37.5199852537917,POINT (126.899255540199 37.5199852537917)
MA010120220811697269,더브리프,"",M1,과학·기술,M105,광고,M10501,광고 대행업,M71310,광고 대행업,11,서울특별시,11680,강남구,11680590,삼성2동,1168010500,삼성동,1168010500101130000,1,대지,113,,서울특별시 강남구 삼성동 113,116803122004,서울특별시 강남구 봉은사로,418,,1168010500101130000016514,조양빌딩,서울특별시 강남구 봉은사로 418,135874,06153,"",5,"",127.045988682021,37.5105046670113,POINT (127.045988682021 37.5105046670113)
MA010120220812593336,비앤케이개발,"",N1,시설관리·임대,N101,시설관리,N10101,사업시설 유지·관리 서비스업,N74100,사업시설 유지ㆍ관리 서비스업,11,서울특별시,11200,성동구,11200660,성수1가2동,1120011400,성수동1가,1120011400106560603,1,대지,656,603,서울특별시 성동구 성수동1가 656-603,112004109317,서울특별시 성동구 상원길,19,,1120011400106560603008295,신한아이티타워,서울특별시 성동구 상원길 19,133823,04779,"","","",127.048771479631,37.5458768787001,POINT (127.048771479631 37.5458768787001)
MA010120220811686495,한국피칭문화협회,"",N1,시설관리·임대,N108,기타 사업 서비스,N10802,전시/컨벤션/행사 대행 서비스업,N75992,전시; 컨벤션 및 행사 대행업,11,서울특별시,11230,동대문구,11230705,청량리동,1123010700,청량리동,1123010700102060046,1,대지,206,46,서울특별시 동대문구 청량리동 206-46,112303105018,서울특별시 동대문구 홍릉로,118,,1123010700102060046011632,"",서울특별시 동대문구 홍릉로 118,130868,02456,"",3,"",127.043048690242,37.5905144271416,POINT (127.043048690242 37.5905144271416)
MA010120220812080406,92닭숯불바베큐,"",I2,음식,I210,기타 간이,I21006,치킨,I56193,치킨 전문점,11,서울특별시,11380,은평구,11380580,응암1동,1138010700,응암동,1138010700101160021,1,대지,116,21,서울특별시 은평구 응암동 116-21,113804133212,서울특별시 은평구 은평로8길,25,,1138010700101160021024804,좌측,서울특별시 은평구 은평로8길 25,122910,03454,"",1,"",126.919816248072,37.5980813901792,POINT (126.919816248072 37.5980813901792)
MA010120220808992054,디자인스튜디오임성묵,"",M1,과학·기술,M112,전문 디자인,M11203,시각 디자인업,M73203,시각 디자인업,11,서울특별시,11440,마포구,11440660,서교동,1144012100,동교동,1144012100101900001,1,대지,190,1,서울특별시 마포구 동교동 190-1,114404139409,서울특별시 마포구 신촌로2길,19,,1144012100101900001000004,서울디자인창업센터,서울특별시 마포구 신촌로2길 19,121899,04051,D,4,"",126.927409026899,37.5570820640914,POINT (126.927409026899 37.5570820640914)
MA010120220812354300,세무법인호연,강북지점,M1,과학·기술,M104,회계·세무,M10402,세무사,M71202,세무사업,11,서울특별시,11320,도봉구,11320670,쌍문2동,1132010500,쌍문동,1132010500100810411,1,대지,81,411,서울특별시 도봉구 쌍문동 81-411,113203005047,서울특별시 도봉구 노해로,247,,1132010500100810411019021,현웅빌딩,서울특별시 도봉구 노해로 247,132863,01440,"",5,"",127.035582152533,37.6514957527103,POINT (127.035582152533 37.6514957527103)
MA010120220812354333,샌드박스게이밍PORTAL강,남지점,R1,예술·스포츠,R104,유원지·오락,R10406,PC방,R91222,컴퓨터 게임방 운영업,11,서울특별시,11650,서초구,11650531,서초4동,1165010800,서초동,1165010800113030016,1,대지,1303,16,서울특별시 서초구 서초동 1303-16,116504163435,서울특별시 서초구 서초대로77길,62,,1165010800113030016000001,강남역IPARK,서울특별시 서초구 서초대로77길 62,137855,06611,"",2,"",127.023908015112,37.5027265159736,POINT (127.023908015112 37.5027265159736)
MA010120220809754236,시선파트너스,"",M1,과학·기술,M107,본사·경영 컨설팅,M10703,경영 컨설팅업,M71531,경영 컨설팅업,11,서울특별시,11410,서대문구,11410710,북가좌1동,1141011900,북가좌동,1141011900103920035,1,대지,392,35,서울특별시 서대문구 북가좌동 392-35,114103005054,서울특별시 서대문구 수색로,139,,1141011900103920035003423,"",서울특별시 서대문구 수색로 139,120817,03715,"",2,"",126.905034273691,37.5748338233918,POINT (126.905034273691 37.5748338233918)
MA010120220808091062,화개디자인스튜디오,"",M1,과학·기술,M105,광고,M10501,광고 대행업,J62010,컴퓨터 프로그래밍 서비스업,11,서울특별시,11410,서대문구,11410585,신촌동,1141011600,창천동,1141011600105030008,1,대지,503,8,서울특별시 서대문구 창천동 503-8,114103005057,서울특별시 서대문구 신촌로,25,,1141011600105030008022365,상록빌딩,서울특별시 서대문구 신촌로 25,120836,03785,"",2,"",126.92962641567,37.5579934136618,POINT (126.92962641567 37.5579934136618)
MA010120220808091905,루프원커뮤니케이션즈,"",N1,시설관리·임대,N108,기타 사업 서비스,N10802,전시/컨벤션/행사 대행 서비스업,N75992,전시; 컨벤션 및 행사 대행업,11,서울특별시,11710,송파구,11710531,거여1동,1171011300,거여동,1171011300100460000,1,대지,46,,서울특별시 송파구 거여동 46,117103123003,서울특별시 송파구 거마로,41,,1171011300100460000023218,현대3차,서울특별시 송파구 거마로 41,138900,05735,상가,"","",127.144874078065,37.497414267544,POINT (127.144874078065 37.497414267544)
MA010120220811368908,비케이점핑다이어트,"",R1,예술·스포츠,R103,스포츠 서비스,R10307,헬스장,R91132,체력 단련시설 운영업,11,서울특별시,11620,관악구,11620685,신사동,1162010200,신림동,1162010200105130011,1,대지,513,11,서울특별시 관악구 신림동 513-11,116204160192,서울특별시 관악구 남부순환로151길,78,,1162010200105130011016070,"",서울특별시 관악구 남부순환로151길 78,151873,08762,"",1,"",126.914408671666,37.4846597708577,POINT (126.914408671666 37.4846597708577)
MA010120220808253785,노니필라테스,"",P1,교육,P106,기타 교육,P10603,요가/필라테스 학원,P85612,기타 스포츠 교육기관,11,서울특별시,11500,강서구,11500641,방화3동,1150010900,방화동,1150010900108300001,1,대지,830,1,서울특별시 강서구 방화동 830-1,115003115002,서울특별시 강서구 금낭화로,136,,1150010900108300001000534,에어뷰,서울특별시 강서구 금낭화로 136,157857,07511,21,"","",126.813005576841,37.5773548205819,POINT (126.813005576841 37.5773548205819)
MA010120220809879919,갓치킨,쌍문역점,I2,음식,I210,기타 간이,I21006,치킨,I56193,치킨 전문점,11,서울특별시,11320,도봉구,11320512,창2동,1132010700,창동,1132010700106210004,1,대지,621,4,서울특별시 도봉구 창동 621-4,113204127099,서울특별시 도봉구 도봉로110길,58,,1132010700106210004017533,노블캐슬,서울특별시 도봉구 도봉로110길 58,132920,01458,"","","",127.036814642662,37.6460534353105,POINT (127.036814642662 37.6460534353105)
MA010120220809873974,픽업커피,"",I2,음식,I212,비알코올 ,I21201,카페,I56221,커피 전문점,11,서울특별시,11500,강서구,11500590,화곡본동,1150010300,화곡동,1150010300100240552,1,대지,24,552,서울특별시 강서구 화곡동 24-552,115003115003,서울특별시 강서구 까치산로,71,,1150010300100240552016506,"",서울특별시 강서구 까치산로 71,157866,07679,"","","",126.84681849853,37.5450758055572,POINT (126.84681849853 37.5450758055572)
MA010120220808063123,노블레지던스,"",I1,숙박,I102,기타 숙박,I10201,기숙사/고시원,I55901,기숙사 및 고시원 운영업,11,서울특별시,11410,서대문구,11410585,신촌동,1141011200,대현동,1141011200100450033,1,대지,45,33,서울특별시 서대문구 대현동 45-33,114104136315,서울특별시 서대문구 이화여대2길,4,,1141011200100450033024056,"",서울특별시 서대문구 이화여대2길 4,120808,03767,"",3,"",126.946162135242,37.5572542839142,POINT (126.946162135242 37.5572542839142)
MA010120220810455910,매봉미트,"",G2,소매,G205,식료품 소매,G20503,정육점,G47212,육류 소매업,11,서울특별시,11200,성동구,11200620,금호4가동,1120011200,금호동4가,1120011200110920001,1,대지,1092,1,서울특별시 성동구 금호동4가 1092-1,112004109091,서울특별시 성동구 독서당로47길,8,,1120011200110920001011777,금호빌딩,서울특별시 성동구 독서당로47길 8,133809,04725,"",1,"",127.020357876792,37.5480566032144,POINT (127.020357876792 37.5480566032144)
MA010120220807757367,용희네칼국수,"",I2,음식,I201,한식,I20105,국수/칼국수,I56112,한식 면 요리 전문점,11,서울특별시,11260,중랑구,11260550,면목5동,1126010100,면목동,1126010100101510009,1,대지,151,9,서울특별시 중랑구 면목동 151-9,112603000001,서울특별시 중랑구 동일로,612,,1126010100101510009023481,"",서울특별시 중랑구 동일로 612,131821,02215,"",1,"",127.080124304732,37.5848818991567,POINT (127.080124304732 37.5848818991567)
MA010120220810117330,이랜드이츠피자몰,신촌점,I2,음식,I210,기타 간이,I21003,피자,I56111,한식 일반 음식점업,11,서울특별시,11440,마포구,11440660,서교동,1144011000,노고산동,1144011000100570001,1,대지,57,1,서울특별시 마포구 노고산동 57-1,114403005057,서울특별시 마포구 신촌로,94,,1144011000100570001007399,"",서울특별시 마포구 신촌로 94,121807,04058,"",5,"",126.936000854347,37.5549967198324,POINT (126.936000854347 37.5549967198324)
MA010120220810998344,요준코소주호프,"",I2,음식,I211,주점,I21104,요리 주점,I56219,기타 주점업,11,서울특별시,11230,동대문구,11230660,장안2동,1123010600,장안동,1123010600103650006,1,대지,365,6,서울특별시 동대문구 장안동 365-6,112303105012,서울특별시 동대문구 장한로,92,,1123010600103650007016693,화성빌딩,서울특별시 동대문구 장한로 92,130840,02639,"",1,"",127.069840435003,37.5688146952489,POINT (127.069840435003 37.5688146952489)
MA010120220811837267,더예다움,"",I2,음식,I201,한식,I20101,백반/한정식,I56111,한식 일반 음식점업,11,서울특별시,11410,서대문구,11410615,연희동,1141011700,연희동,1141011700101900019,1,대지,190,19,서울특별시 서대문구 연희동 190-19,114104136249,서울특별시 서대문구 연희로11가길,33,3,1141011700101900019020788,"",서울특별시 서대문구 연희로11가길 33-3,120825,03707,"",1,"",126.928406963024,37.5668314551872,POINT (126.928406963024 37.5668314551872)
MA010120220811886776,지원자산관리,"",M1,과학·기술,M107,본사·경영 컨설팅,M10703,경영 컨설팅업,M71531,경영 컨설팅업,11,서울특별시,11650,서초구,11650620,방배3동,1165010100,방배동,1165010100110220002,1,대지,1022,2,서울특별시 서초구 방배동 1022-2,116504163282,서울특별시 서초구 방배로8길,6,,1165010100110220002011448,드림빌딩,서울특별시 서초구 방배로8길 6,137851,06705,"",3,"",126.999355562501,37.4798253239372,POINT (126.999355562501 37.4798253239372)
MA010120220812461599,이수애드,"",M1,과학·기술,M114,인쇄·제품제작,M11401,명함/간판/광고물 제작,C33910,간판 및 광고물 제조업,11,서울특별시,11215,광진구,11215820,자양1동,1121510500,자양동,1121510500106270024,1,대지,627,24,서울특별시 광진구 자양동 627-24,112154112414,서울특별시 광진구 자양로11길,4,,1121510500106270024013099,"",서울특별시 광진구 자양로11길 4,143867,05056,"",2,"",127.083781837171,37.5348740419829,POINT (127.083781837171 37.5348740419829)
MA010120220812356539,남성헤어컷7000,"",S2,수리·개인,S207,이용·미용,S20701,미용실,S96112,두발 미용업,11,서울특별시,11740,강동구,11740640,성내1동,1174010800,성내동,1174010800105500001,1,대지,550,1,서울특별시 강동구 성내동 550-1,117403124006,서울특별시 강동구 성내로,34,,1174010800105500001007000,"",서울특별시 강동구 성내로 34,134851,05399,"",지,"",127.124005631878,37.5290902707427,POINT (127.124005631878 37.5290902707427)
MA010120220809749936,라라앤컴퍼니,"",M1,과학·기술,M107,본사·경영 컨설팅,M10703,경영 컨설팅업,M71531,경영 컨설팅업,11,서울특별시,11200,성동구,11200670,성수2가1동,1120011500,성수동2가,1120011500102690063,1,대지,269,63,서울특별시 성동구 성수동2가 269-63,112004109153,서울특별시 성동구 뚝섬로17가길,48,,1120011500102690063007041,성수에이원지식산업센터,서울특별시 성동구 뚝섬로17가길 48,133826,04785,"",10,"",127.059528801204,37.5407362491886,POINT (127.059528801204 37.5407362491886)
MA010120220809751421,반고사,"",G2,소매,G209,섬유·의복·신발 소매,G20905,기타 의류 소매업,G47414,셔츠 및 블라우스 소매업,11,서울특별시,11140,중구,11140540,회현동,1114011200,남창동,1114011200100470014,1,대지,47,14,서울특별시 중구 남창동 47-14,111403101011,서울특별시 중구 퇴계로,43,,1114011200100470014021166,남대문지하철상가,서울특별시 중구 퇴계로 43,100804,04529,B2,"","",126.97735317756,37.5582014236744,POINT (126.97735317756 37.5582014236744)
MA010120220810553386,하루엔소쿠마포중앙도서관점,"",I2,음식,I203,일식,I20302,일식 카레/돈가스/덮밥,I56194,김밥 및 기타 간이 음식점업,11,서울특별시,11440,마포구,11440720,성산1동,1144012500,성산동,1144012500102750003,1,대지,275,3,서울특별시 마포구 성산동 275-3,114403005060,서울특별시 마포구 성산로,128,,1144012500102750003017854,"",서울특별시 마포구 성산로 128,121711,03965,7,1,"",126.908206181782,37.5637901309499,POINT (126.908206181782 37.5637901309499)
MA010120220810553926,진찬옥식,"",I2,음식,I201,한식,I20101,백반/한정식,I56111,한식 일반 음식점업,11,서울특별시,11470,양천구,11470620,신정1동,1147010100,신정동,1147010100110240017,1,대지,1024,17,서울특별시 양천구 신정동 1024-17,114703114012,서울특별시 양천구 은행정로,13,,1147010100110240017000001,"",서울특별시 양천구 은행정로 13,158861,08086,"","","",126.859752576704,37.5208189253588,POINT (126.859752576704 37.5208189253588)
MA010120220809207289,아이코어리듬체조,"",P1,교육,P106,기타 교육,P10613,기타 예술/스포츠 교육기관,P85629,기타 예술학원,11,서울특별시,11290,성북구,11290715,월곡1동,1129013600,하월곡동,1129013600100700123,1,대지,70,123,서울특별시 성북구 하월곡동 70-123,112903005044,서울특별시 성북구 오패산로,25,,1129013600100700123019613,"",서울특별시 성북구 오패산로 25,136868,02738,"",6,"",127.037088620873,37.6045448826952,POINT (127.037088620873 37.6045448826952)
MA010120220811922235,봉구비어,"",I2,음식,I211,주점,I21103,생맥주 전문,I56213,생맥주 전문점,11,서울특별시,11500,강서구,11500641,방화3동,1150010900,방화동,1150010900108300000,1,대지,830,,서울특별시 강서구 방화동 830,115003115002,서울특별시 강서구 금낭화로,146,,1150010900108300000000548,오피앙,서울특별시 강서구 금낭화로 146,157857,07511,"",1,"",126.813309140751,37.5781932245333,POINT (126.813309140751 37.5781932245333)
MA010120220809872752,운동에빠지다,"",R1,예술·스포츠,R103,스포츠 서비스,R10307,헬스장,R91132,체력 단련시설 운영업,11,서울특별시,11350,노원구,11350600,공릉2동,1135010300,공릉동,1135010300101130000,1,대지,113,,서울특별시 노원구 공릉동 113,113504130440,서울특별시 노원구 화랑로51길,38,,1135010300101130000015486,밀레니엄타워,서울특별시 노원구 화랑로51길 38,139800,01801,"","","",127.089082321987,37.6249515047566,POINT (127.089082321987 37.6249515047566)
MA010120220809714953,헤어2J살롱,"",S2,수리·개인,S207,이용·미용,S20701,미용실,S96112,두발 미용업,11,서울특별시,11620,관악구,11620525,보라매동,1162010100,봉천동,1162010100106980023,1,대지,698,23,서울특별시 관악구 봉천동 698-23,116204160307,서울특별시 관악구 당곡길,10,,1162010100106980023037902,"",서울특별시 관악구 당곡길 10,151830,08711,"",1,"",126.929102586147,37.4896610856948,POINT (126.929102586147 37.4896610856948)
MA010120220810487246,김가네우면네이처힐,"",I2,음식,I210,기타 간이,I21007,김밥/만두/분식,I56194,김밥 및 기타 간이 음식점업,11,서울특별시,11650,서초구,11650651,양재1동,1165010300,우면동,1165010300107210001,1,대지,721,1,서울특별시 서초구 우면동 721-1,116503121020,서울특별시 서초구 태봉로,70,,1165010300101510004000001,우면프라자,서울특별시 서초구 태봉로 70,137131,06764,"","","",127.0255913936,37.4645414186235,POINT (127.0255913936 37.4645414186235)
MA010120220809932660,태화에이치앤텍,"",G2,소매,G210,철물·건설자재 소매,G21001,철물/공구 소매업,G47511,철물 및 난방용구 소매업,11,서울특별시,11530,구로구,11530790,수궁동,1153011000,온수동,1153011000100860011,1,대지,86,11,서울특별시 구로구 온수동 86-11,115304148360,서울특별시 구로구 부일로1길,128,28,1153011000100860010000733,"",서울특별시 구로구 부일로1길 128-28,152906,08261,"","","",126.817594690671,37.496641475403,POINT (126.817594690671 37.496641475403)
MA010120220810266356,아띠왁싱,"",S2,수리·개인,S207,이용·미용,S20702,피부 관리실,S96113,피부 미용업,11,서울특별시,11500,강서구,11500611,발산1동,1150010500,마곡동,1150010500107980011,1,대지,798,11,서울특별시 강서구 마곡동 798-11,115003155045,서울특별시 강서구 마곡중앙로,55,,1150010500107980011000001,문영퀸즈파크,서울특별시 강서구 마곡중앙로 55,157210,07807,"",3,"",126.826260288257,37.5586163638973,POINT (126.826260288257 37.5586163638973)
MA010120220809345541,원플랜트기술,"",M1,과학·기술,M109,기술 서비스,M10903,건물 및 토목 엔지니어링 서비스업,M72121,건물 및 토목 엔지니어링 서비스업,11,서울특별시,11560,영등포구,11560610,양평1동,1156012500,양평동1가,1156012500100890002,1,대지,89,2,서울특별시 영등포구 양평동1가 89-2,115604154440,서울특별시 영등포구 선유로28길,8,3,1156012500100890002020634,백상빌딩,서울특별시 영등포구 선유로28길 8-3,150862,07262,"","","",126.891557305799,37.5241951274819,POINT (126.891557305799 37.5241951274819)
MA010120220810018037,씨엠아이코퍼레이션,"",M1,과학·기술,M105,광고,M10501,광고 대행업,M71310,광고 대행업,11,서울특별시,11680,강남구,11680630,대치4동,1168010600,대치동,1168010600108960027,1,대지,896,27,서울특별시 강남구 대치동 896-27,116804166495,서울특별시 강남구 선릉로86길,38,,1168010600108960027000001,"",서울특별시 강남구 선릉로86길 38,135840,06197,"",7,"",127.052770288544,37.5037983553265,POINT (127.052770288544 37.5037983553265)
MA010120220808333093,안드레,"",G2,소매,G209,섬유·의복·신발 소매,G20902,여성 의류 소매업,G47412,여자용 겉옷 소매업,11,서울특별시,11140,중구,11140540,회현동,1114011200,남창동,1114011200100480032,1,대지,48,32,서울특별시 중구 남창동 48-32,111404103020,서울특별시 중구 남대문시장4길,27,6,1114011200100480032000002,외향포함송서빌딩,서울특별시 중구 남대문시장4길 27-6,100804,04529,"",1,"",126.977692540887,37.5587691164923,POINT (126.977692540887 37.5587691164923)
MA010120220807679467,청풍플라워,"",N1,시설관리·임대,N107,사무 지원,N10799,기타 사무 지원 서비스업,N75919,기타 사무 지원 서비스업,11,서울특별시,11650,서초구,11650581,반포4동,1165010700,반포동,1165010700100190004,1,대지,19,4,서울특별시 서초구 반포동 19-4,116503121017,서울특별시 서초구 신반포로,194,,1165010700100190004017328,본관,서울특별시 서초구 신반포로 194,137713,06545,"",2,"",127.006831199112,37.5064318700918,POINT (127.006831199112 37.5064318700918)
MA010120220808612217,로망,"",M1,과학·기술,M105,광고,M10501,광고 대행업,M71310,광고 대행업,11,서울특별시,11200,성동구,11200690,성수2가3동,1120011500,성수동2가,1120011500102800006,1,대지,280,6,서울특별시 성동구 성수동2가 280-6,112004109391,서울특별시 성동구 아차산로17길,49,,1120011500102800006004164,생각공장,서울특별시 성동구 아차산로17길 49,133832,04799,"",10,"",127.065282130301,37.5467608939666,POINT (127.065282130301 37.5467608939666)
MA010120220808053581,업소명없음,"",N1,시설관리·임대,N102,청소·방제,N10201,건축물 일반 청소업,N74211,건축물 일반 청소업,11,서울특별시,11200,성동구,11200615,금호2.3가동,1120011100,금호동3가,1120011100112520000,1,대지,1252,,서울특별시 성동구 금호동3가 1252,112004109061,서울특별시 성동구 금호산10길,4,10,1120011100112520000012965,"",서울특별시 성동구 금호산10길 4-10,133807,04726,"","","",127.019656957456,37.5506696178081,POINT (127.019656957456 37.5506696178081)
MA010120220808054344,썬랜드,"",M1,과학·기술,M107,본사·경영 컨설팅,M10703,경영 컨설팅업,M71531,경영 컨설팅업,11,서울특별시,11740,강동구,11740590,암사3동,1174010700,암사동,1174010700102800027,1,대지,280,27,서울특별시 강동구 암사동 280-27,117404172190,서울특별시 강동구 아리수로25길,94,,1174010700102800027000002,"",서울특별시 강동구 아리수로25길 94,134852,05207,"","","",127.135353020738,37.5604415730708,POINT (127.135353020738 37.5604415730708)
MA010120220812671377,보어,"",N1,시설관리·임대,N111,산업용품 대여,N11199,기타 산업용 기계/장비 대여업,N76390,기타 산업용 기계 및 장비 임대업,11,서울특별시,11680,강남구,11680655,도곡1동,1168011800,도곡동,1168011800109630000,1,대지,963,,서울특별시 강남구 도곡동 963,116803121022,서울특별시 강남구 논현로,213,,1168011800109630000000104,역삼럭키아파트,서울특별시 강남구 논현로 213,135858,06262,"",1,"",127.04100160163,37.4914141879588,POINT (127.04100160163 37.4914141879588)
MA010120220809617211,세곡자전거,"",G2,소매,G213,오락용품 소매,G21305,자전거 소매업,G47632,자전거 및 기타 운송장비 소매업,11,서울특별시,11680,강남구,11680700,세곡동,1168011200,자곡동,1168011200106690000,1,대지,669,,서울특별시 강남구 자곡동 669,116803122003,서울특별시 강남구 밤고개로,219,,1168011200100560102000001,강남블루지움,서울특별시 강남구 밤고개로 219,135190,06370,"",1,"",127.107037203941,37.4747492115715,POINT (127.107037203941 37.4747492115715)
MA010120220809617944,크리포터,"",M1,과학·기술,M115,기타 전문 과학,M11502,번역/통역 서비스업,M73902,번역 및 통역 서비스업,11,서울특별시,11215,광진구,11215750,중곡2동,1121510100,중곡동,1121510100101570004,1,대지,157,4,서울특별시 광진구 중곡동 157-4,112152000008,서울특별시 광진구 천호대로,561,,1121510100101570004002904,영창빌딩,서울특별시 광진구 천호대로 561,143898,04929,"",10,"",127.080671758771,37.5571128593094,POINT (127.080671758771 37.5571128593094)
MA010120220810342922,다호,"",M1,과학·기술,M107,본사·경영 컨설팅,M10703,경영 컨설팅업,M71531,경영 컨설팅업,11,서울특별시,11305,강북구,11305545,송중동,1130510100,미아동,1130510100101310006,1,대지,131,6,서울특별시 강북구 미아동 131-6,113053005039,서울특별시 강북구 도봉로,144,,1130510100101310006020097,"",서울특별시 강북구 도봉로 144,142809,01161,9,4,"",127.028409041942,37.6216840979845,POINT (127.028409041942 37.6216840979845)
MA010120220812266873,디오스킨앤바디,"",S2,수리·개인,S207,이용·미용,S20702,피부 관리실,S96113,피부 미용업,11,서울특별시,11560,영등포구,11560560,당산2동,1156011500,당산동5가,1156011500100110033,1,대지,11,33,서울특별시 영등포구 당산동5가 11-33,115603118004,서울특별시 영등포구 당산로,222,,1156011500100110033028752,당산디오빌,서울특별시 영등포구 당산로 222,150045,07214,"",2,"",126.902213357602,37.5331874148385,POINT (126.902213357602 37.5331874148385)
MA010120220810790213,아이리스렌트,"",N1,시설관리·임대,N109,운송장비 대여,N10901,자동차 대여업,N76110,자동차 임대업,11,서울특별시,11680,강남구,11680630,대치4동,1168010600,대치동,1168010600108950001,1,대지,895,1,서울특별시 강남구 대치동 895-1,116804166431,서울특별시 강남구 삼성로85길,39,,1168010600108950002000001,가리온,서울특별시 강남구 삼성로85길 39,135840,06196,"",3,"",127.054286085233,37.5042391611152,POINT (127.054286085233 37.5042391611152)
MA010120220809234727,넥스트주방,"",G2,소매,G212,기타 생활용품 소매,G21202,주방/가정용품 소매업,G47592,주방용품 및 가정용 유리; 요업제품 소매업,11,서울특별시,11140,중구,11140645,청구동,1114016200,신당동,1114016200103160014,1,대지,316,14,서울특별시 중구 신당동 316-14,111404103303,서울특별시 중구 청구로3길,9,,1114016200103160014006834,"",서울특별시 중구 청구로3길 9,100825,04589,"",1,"",127.015765811548,37.559067500268,POINT (127.015765811548 37.559067500268)
MA010120220810097181,법무법인로백스,"",M1,과학·기술,M103,법무관련 ,M10301,변호사,M71101,변호사업,11,서울특별시,11650,서초구,11650530,서초3동,1165010800,서초동,1165010800115960003,1,대지,1596,3,서울특별시 서초구 서초동 1596-3,116503121014,서울특별시 서초구 사임당로,18,,1165010800115960003020975,석오빌딩,서울특별시 서초구 사임당로 18,137876,06652,"",3,"",127.012222939269,37.4874292062578,POINT (127.012222939269 37.4874292062578)
MA010120220810035339,하모니마트,홍대점,G2,소매,G204,종합 소매,G20404,슈퍼마켓,G47121,슈퍼마켓,11,서울특별시,11440,마포구,11440660,서교동,1144012000,서교동,1144012000103550015,1,대지,355,15,서울특별시 마포구 서교동 355-15,114404139422,서울특별시 마포구 양화로16길,15,,1144012000103550015010202,무광빌딩,서울특별시 마포구 양화로16길 15,121838,04039,"",1,"",126.920633699481,37.5534016345528,POINT (126.920633699481 37.5534016345528)
MA010120220811810169,카페수달,"",I2,음식,I212,비알코올 ,I21201,카페,I56221,커피 전문점,11,서울특별시,11110,종로구,11110540,삼청동,1111014100,안국동,1111014100100930000,1,대지,93,,서울특별시 종로구 안국동 93,111103100010,서울특별시 종로구 율곡로,49,14,1111014100100930000026249,"",서울특별시 종로구 율곡로 49-14,110230,03060,"",1,"",126.984445569622,37.576663975044,POINT (126.984445569622 37.576663975044)
MA010120220811969246,행복하면돼지,"",I2,음식,I201,한식,I20107,돼지고기 구이/찜,I56194,김밥 및 기타 간이 음식점업,11,서울특별시,11710,송파구,11710650,잠실본동,1171010100,잠실동,1171010100102270004,1,대지,227,4,서울특별시 송파구 잠실동 227-4,117104169427,서울특별시 송파구 올림픽로12길,60,,1171010100102270004001162,"",서울특별시 송파구 올림픽로12길 60,138863,05569,"",1,"",127.083003573532,37.5064209256018,POINT (127.083003573532 37.5064209256018)
MA010120220809703429,메르시모닝,"",P1,교육,P107,교육 지원,P10701,교육컨설팅업,P85701,교육관련 자문 및 평가업,11,서울특별시,11305,강북구,11305545,송중동,1130510100,미아동,1130510100101340039,1,대지,134,39,서울특별시 강북구 미아동 134-39,113053005039,서울특별시 강북구 도봉로,128,,1130510100101340039018553,이상숙어학원,서울특별시 강북구 도봉로 128,142809,01161,"",1,"",127.028759725258,37.620476689689,POINT (127.028759725258 37.620476689689)
MA010120220810041566,떡사랑,"",I2,음식,I210,기타 간이,I21002,떡/한과,C10711,떡류 제조업,11,서울특별시,11620,관악구,11620595,청룡동,1162010100,봉천동,1162010100109270026,1,대지,927,26,서울특별시 관악구 봉천동 927-26,116204160245,서울특별시 관악구 남부순환로208길,10,,1162010100109270026028383,"",서울특별시 관악구 남부순환로208길 10,151844,08784,"",1,"",126.943265484045,37.4816858031868,POINT (126.943265484045 37.4816858031868)
MA010120220808022159,나매인,"",M1,과학·기술,M105,광고,M10501,광고 대행업,M71310,광고 대행업,11,서울특별시,11440,마포구,11440660,서교동,1144012000,서교동,1144012000104020013,1,대지,402,13,서울특별시 마포구 서교동 402-13,114404139440,서울특별시 마포구 어울마당로5길,7,,1144012000104020013010886,"",서울특별시 마포구 어울마당로5길 7,121895,04048,"",5,"",126.92002737502,37.5489142550361,POINT (126.92002737502 37.5489142550361)
MA010120220808695817,가정식패브릭,"",G2,소매,G209,섬유·의복·신발 소매,G20905,기타 의류 소매업,G47414,셔츠 및 블라우스 소매업,11,서울특별시,11110,종로구,11110530,사직동,1111011200,체부동,1111011200101050000,1,대지,105,,서울특별시 종로구 체부동 105,111104100525,서울특별시 종로구 필운대로2길,14,,1111011200101050000031534,"",서울특별시 종로구 필운대로2길 14,110054,03040,"",1,"",126.969773309224,37.5787244067396,POINT (126.969773309224 37.5787244067396)
MA010120220810310710,메이퀸,"",I2,음식,I211,주점,I21101,일반 유흥 주점,I56211,일반 유흥 주점업,11,서울특별시,11380,은평구,11380600,응암3동,1138010700,응암동,1138010700106000005,1,대지,600,5,서울특별시 은평구 응암동 600-5,113804133226,서울특별시 은평구 응암로13길,9,,1138010700106000005001697,"",서울특별시 은평구 응암로13길 9,122924,03485,"",지,"",126.916236346144,37.5893933453801,POINT (126.916236346144 37.5893933453801)
MA010120220810311764,커넥투스,"",M1,과학·기술,M105,광고,M10501,광고 대행업,M71310,광고 대행업,11,서울특별시,11710,송파구,11710641,문정1동,1171010800,문정동,1171010800100670009,1,대지,67,9,서울특별시 송파구 문정동 67-9,117104169139,서울특별시 송파구 문정로4길,28,,1171010800100670009004663,"",서울특별시 송파구 문정로4길 28,138826,05807,"","","",127.126124163643,37.4837765073724,POINT (127.126124163643 37.4837765073724)
MA010120220811235899,올굿,"",I2,음식,I211,주점,I21104,요리 주점,I56219,기타 주점업,11,서울특별시,11440,마포구,11440585,도화동,1144010400,도화동,1144010400100380001,1,대지,38,1,서울특별시 마포구 도화동 38-1,114403005018,서울특별시 마포구 새창로,18,1,1144010400100380001003207,"",서울특별시 마포구 새창로 18-1,121812,04169,"",지,"",126.952000524977,37.5419398279709,POINT (126.952000524977 37.5419398279709)
MA010120220810073333,스카이넷PC방,"",R1,예술·스포츠,R104,유원지·오락,R10406,PC방,R91222,컴퓨터 게임방 운영업,11,서울특별시,11710,송파구,11710566,오륜동,1171011100,방이동,1171011100100890011,1,대지,89,11,서울특별시 송파구 방이동 89-11,117102000006,서울특별시 송파구 양재대로,1222,,1171011100100890011015454,올림픽상가,서울특별시 송파구 양재대로 1222,138151,05648,"",지,"",127.131064412778,37.5157297971983,POINT (127.131064412778 37.5157297971983)
MA010120220808674922,플랫폼,"",I2,음식,I211,주점,I21104,요리 주점,I56219,기타 주점업,11,서울특별시,11680,강남구,11680565,청담동,1168010400,청담동,1168010400101200007,1,대지,120,7,서울특별시 강남구 청담동 120-7,116804166538,서울특별시 강남구 압구정로79길,18,,1168010400101200007017713,"",서울특별시 강남구 압구정로79길 18,135955,06011,"",1,"",127.048633481105,37.5250548113473,POINT (127.048633481105 37.5250548113473)
MA010120220808675066,학사공인중개사사무소,"",L1,부동산,L102,부동산 서비스,L10203,부동산 중개/대리업,L68221,부동산 중개 및 대리업,11,서울특별시,11620,관악구,11620725,조원동,1162010200,신림동,1162010200105660008,1,대지,566,8,서울특별시 관악구 신림동 566-8,116202000003,서울특별시 관악구 남부순환로,1403,,1162010200105660008008580,"",서울특별시 관악구 남부순환로 1403,151877,08765,"",1,"",126.906487717466,37.4806442794769,POINT (126.906487717466 37.4806442794769)
MA010120220809958131,엔에이아이컨설팅,코리아,L1,부동산,L102,부동산 서비스,L10203,부동산 중개/대리업,L68221,부동산 중개 및 대리업,11,서울특별시,11680,강남구,11680610,대치2동,1168010600,대치동,1168010600109440001,1,대지,944,1,서울특별시 강남구 대치동 944-1,116803122010,서울특별시 강남구 테헤란로,516,,1168010600109440001014504,정헌빌딩,서울특별시 강남구 테헤란로 516,135846,06180,"",10,"",127.060079139749,37.5074078948291,POINT (127.060079139749 37.5074078948291)
MA010120220808054382,아슈아슈아이스크림할인점,개봉점,G2,소매,G204,종합 소매,G20404,슈퍼마켓,G47216,빵류; 과자류 및 당류 소매업,11,서울특별시,11530,구로구,11530750,개봉2동,1153010700,개봉동,1153010700103040025,1,대지,304,25,서울특별시 구로구 개봉동 304-25,115304148038,서울특별시 구로구 개봉로17라길,42,,1153010700103040025009566,"",서울특별시 구로구 개봉로17라길 42,152813,08337,"",1,"",126.853675066758,37.4933399319841,POINT (126.853675066758 37.4933399319841)
MA010120220808054392,두꺼비닷컴,"",I2,음식,I210,기타 간이,I21007,김밥/만두/분식,I56194,김밥 및 기타 간이 음식점업,11,서울특별시,11710,송파구,11710632,가락2동,1171010700,가락동,1171010700101890008,1,대지,189,8,서울특별시 송파구 가락동 189-8,117104169061,서울특별시 송파구 동남로18길,39,,1171010700101890025027189,"",서울특별시 송파구 동남로18길 39,138812,05782,"",1,"",127.134293252701,37.4933271912475,POINT (127.134293252701 37.4933271912475)
MA010120220811724277,오블리하우스,"",G2,소매,G209,섬유·의복·신발 소매,G20905,기타 의류 소매업,G47414,셔츠 및 블라우스 소매업,11,서울특별시,11710,송파구,11710566,오륜동,1171011100,방이동,1171011100100890011,1,대지,89,11,서울특별시 송파구 방이동 89-11,117102000006,서울특별시 송파구 양재대로,1222,,1171011100100890011015454,올림픽중심상가,서울특별시 송파구 양재대로 1222,138151,05648,"",1,"",127.131064412778,37.5157297971983,POINT (127.131064412778 37.5157297971983)
MA010120220812102447,몽고트,"",G2,소매,G209,섬유·의복·신발 소매,G20902,여성 의류 소매업,G47412,여자용 겉옷 소매업,11,서울특별시,11680,강남구,11680565,청담동,1168010400,청담동,1168010400101260006,1,대지,126,6,서울특별시 강남구 청담동 126-6,116804166538,서울특별시 강남구 압구정로79길,47,,1168010400101260006017618,"",서울특별시 강남구 압구정로79길 47,135957,06013,"",1,"",127.050986861891,37.5255403599939,POINT (127.050986861891 37.5255403599939)
MA010120220812157137,돌곶이민물장어,"",I2,음식,I201,한식,I20112,해산물 구이/찜,I56111,한식 일반 음식점업,11,서울특별시,11290,성북구,11290810,석관동,1129013900,석관동,1129013900103500001,1,대지,350,1,서울특별시 성북구 석관동 350-1,112903107002,서울특별시 성북구 돌곶이로,77,,1129013900103500001000588,석산빌딩,서울특별시 성북구 돌곶이로 77,136820,02787,"",1,"",127.057307764947,37.6103211497576,POINT (127.057307764947 37.6103211497576)
MA010120220812157476,와플대학신금호역캠퍼스,"",I2,음식,I210,기타 간이,I21001,빵/도넛,I56191,제과점업,11,서울특별시,11200,성동구,11200615,금호2.3가동,1120011000,금호동2가,1120011000103260000,1,대지,326,,서울특별시 성동구 금호동2가 326,112004109077,서울특별시 성동구 금호산길,67,,1120011000103260000015357,금호빌딩,서울특별시 성동구 금호산길 67,133803,04723,"",1,"",127.019510799774,37.5543457142218,POINT (127.019510799774 37.5543457142218)
MA010120220810563427,디에프에이알,"",M1,과학·기술,M112,전문 디자인,M11201,인테리어 디자인업,J62010,컴퓨터 프로그래밍 서비스업,11,서울특별시,11560,영등포구,11560605,문래동,1156012100,문래동3가,1156012100100350000,1,대지,35,,서울특별시 영등포구 문래동3가 35,115604154708,서울특별시 영등포구 영등포로28길,19,1,1156012100100350000023330,"",서울특별시 영등포구 영등포로28길 19-1,150834,07293,"",지,"",126.898589414907,37.5190386308191,POINT (126.898589414907 37.5190386308191)
MA010120220809701689,가나안부동산중개사무소,"",L1,부동산,L102,부동산 서비스,L10203,부동산 중개/대리업,L68221,부동산 중개 및 대리업,11,서울특별시,11170,용산구,11170630,이촌1동,1117012900,이촌동,1117012900103010263,1,대지,301,263,서울특별시 용산구 이촌동 301-263,111703102008,서울특별시 용산구 이촌로,300,,1117012900103010169011397,렉스상가,서울특별시 용산구 이촌로 300,140906,04425,"",1,"",126.980329032431,37.5178461536772,POINT (126.980329032431 37.5178461536772)
MA010120220811910554,입주청소,"",N1,시설관리·임대,N102,청소·방제,N10201,건축물 일반 청소업,N74211,건축물 일반 청소업,11,서울특별시,11260,중랑구,11260590,상봉2동,1126010200,상봉동,1126010200101280010,1,대지,128,10,서울특별시 중랑구 상봉동 128-10,112603000001,서울특별시 중랑구 동일로,709,,1126010200101280087016033,SG타워,서울특별시 중랑구 동일로 709,131861,02122,"",2,"",127.079760078919,37.5936848400347,POINT (127.079760078919 37.5936848400347)
MA010120220809639030,리빙스톤영어교습소,"",P1,교육,P105,일반 교육,P10501,입시·교과학원,P85501,일반 교과학원,11,서울특별시,11380,은평구,11380510,녹번동,1138010200,녹번동,1138010200102830002,1,대지,283,2,서울특별시 은평구 녹번동 283-2,113803000008,서울특별시 은평구 통일로,630,1,1138010200100210219041900,"",서울특별시 은평구 통일로 630-1,122020,03372,"","","",126.937488435661,37.6031556402545,POINT (126.937488435661 37.6031556402545)
MA010120220812590075,진심솔루션,"",M1,과학·기술,M107,본사·경영 컨설팅,M10703,경영 컨설팅업,M71531,경영 컨설팅업,11,서울특별시,11545,금천구,11545510,가산동,1154510100,가산동,1154510100105170004,1,대지,517,4,서울특별시 금천구 가산동 517-4,115453117001,서울특별시 금천구 가산디지털1로,225,,1154510100105170004014127,에이스가산포휴,서울특별시 금천구 가산디지털1로 225,153803,08501,"",14,"",126.878882531706,37.4850701872932,POINT (126.878882531706 37.4850701872932)
MA010120220809531575,해피공인중개사무소,"",L1,부동산,L102,부동산 서비스,L10203,부동산 중개/대리업,L68221,부동산 중개 및 대리업,11,서울특별시,11710,송파구,11710580,송파1동,1171010400,송파동,1171010400100110002,1,대지,11,2,서울특별시 송파구 송파동 11-2,117104169193,서울특별시 송파구 백제고분로41길,27,,1171010400100110002013581,"",서울특별시 송파구 백제고분로41길 27,138848,05625,"","","",127.106621364344,37.5082940786553,POINT (127.106621364344 37.5082940786553)
MA010120220810318544,디아트치과,"",Q1,보건의료,Q102,의원,Q10210,치과의원,Q86202,치과의원,11,서울특별시,11680,강남구,11680510,신사동,1168010700,신사동,1168010700105120010,1,대지,512,10,서울특별시 강남구 신사동 512-10,116804166515,서울특별시 강남구 압구정로2길,62,,1168010700105120010011955,"",서울특별시 강남구 압구정로2길 62,135887,06035,"",2,"",127.021446876623,37.5177737642898,POINT (127.021446876623 37.5177737642898)
MA010120220807974266,모연키친그라운드플로어,"",G2,소매,G212,기타 생활용품 소매,G21202,주방/가정용품 소매업,G47592,주방용품 및 가정용 유리; 요업제품 소매업,11,서울특별시,11110,종로구,11110515,청운효자동,1111010300,궁정동,1111010300100290002,1,대지,29,2,서울특별시 종로구 궁정동 29-2,111103100017,서울특별시 종로구 효자로,107,,1111010300100290002000001,"",서울특별시 종로구 효자로 107,110031,03042,"","","",126.971288421836,37.5836261905865,POINT (126.971288421836 37.5836261905865)
MA010120220804441391,킴스,코리아,G2,소매,G205,식료품 소매,G20509,반찬/식료품 소매업,G47219,기타 식료품 소매업,11,서울특별시,11545,금천구,11545670,시흥1동,1154510300,시흥동,1154510300108510006,1,대지,851,6,서울특별시 금천구 시흥동 851-6,115454151093,서울특별시 금천구 독산로39길,37,,1154510300108510006005444,"",서울특별시 금천구 독산로39길 37,153856,08625,"","","",126.903678995573,37.4579725993649,POINT (126.903678995573 37.4579725993649)
MA010120220810263212,왁싱트리,"",S2,수리·개인,S207,이용·미용,S20702,피부 관리실,S96113,피부 미용업,11,서울특별시,11620,관악구,11620695,신림동,1162010200,신림동,1162010200114210029,1,대지,1421,29,서울특별시 관악구 신림동 1421-29,116203120005,서울특별시 관악구 신림로,344,,1162010200114210029013850,에스케이허브그린,서울특별시 관악구 신림로 344,151890,08754,"",1,"",126.929977468997,37.4851475580106,POINT (126.929977468997 37.4851475580106)
MA010120220808678689,스윗봉봉,"",I2,음식,I212,비알코올 ,I21201,카페,I56221,커피 전문점,11,서울특별시,11215,광진구,11215860,구의2동,1121510300,구의동,1121510300100570071,1,대지,57,71,서울특별시 광진구 구의동 57-71,112152000008,서울특별시 광진구 천호대로,689,,1121510300100570071024173,부원빌딩,서울특별시 광진구 천호대로 689,143818,04962,"",1,"",127.091516619308,37.5499960801491,POINT (127.091516619308 37.5499960801491)
MA010120220810437785,조아포차호프,"",I2,음식,I211,주점,I21104,요리 주점,I56219,기타 주점업,11,서울특별시,11470,양천구,11470520,목2동,1147010200,목동,1147010200104970008,1,대지,497,8,서울특별시 양천구 목동 497-8,114703114006,서울특별시 양천구 목동중앙본로,99,1,1147010200104970008020564,"",서울특별시 양천구 목동중앙본로 99-1,158807,07948,"",1,"",126.870638962385,37.5446177643046,POINT (126.870638962385 37.5446177643046)
MA010120220812548595,동우리즈힐스1412호,"",G2,소매,G208,가전·통신 소매,G20801,컴퓨터/소프트웨어 소매업,G47311,컴퓨터 및 주변장치; 소프트웨어 소매업,11,서울특별시,11200,성동구,11200790,용답동,1120012200,용답동,1120012200102290001,1,대지,229,1,서울특별시 성동구 용답동 229-1,112002000008,서울특별시 성동구 천호대로,380,7,1120012200102290001001569,동우리즈힐스오피스텔,서울특별시 성동구 천호대로 380-7,133850,04808,"","","",127.061197851256,37.5615844936207,POINT (127.061197851256 37.5615844936207)
MA010120220804055954,이엘씨에이한국유,"",G2,소매,G215,의약·화장품 소매,G21503,화장품 소매업,G47813,화장품; 비누 및 방향제 소매업,11,서울특별시,11680,강남구,11680640,역삼1동,1168010100,역삼동,1168010100108250002,1,대지,825,2,서울특별시 강남구 역삼동 825-2,116802102001,서울특별시 강남구 강남대로,382,,1168010100108250011028058,메리츠타워,서울특별시 강남구 강남대로 382,135934,06232,"","","",127.028621856567,37.4970491293837,POINT (127.028621856567 37.4970491293837)
MA010120220804056672,한국부동산자산관리사협회,"",P1,교육,P107,교육 지원,P10701,교육컨설팅업,P85701,교육관련 자문 및 평가업,11,서울특별시,11680,강남구,11680630,대치4동,1168010600,대치동,1168010600108900038,1,대지,890,38,서울특별시 강남구 대치동 890-38,116804166755,서울특별시 강남구 테헤란로70길,16,,1168010600108900038012381,동산빌딩,서울특별시 강남구 테헤란로70길 16,135839,06193,"",4,"",127.053302265633,37.5044017901005,POINT (127.053302265633 37.5044017901005)
MA010120220804115894,뷰티스킨케어,"",S2,수리·개인,S207,이용·미용,S20702,피부 관리실,S96113,피부 미용업,11,서울특별시,11740,강동구,11740620,천호3동,1174010900,천호동,1174010900101920034,1,대지,192,34,서울특별시 강동구 천호동 192-34,117404172312,서울특별시 강동구 진황도로27다길,10,,1174010900101920034009740,"",서울특별시 강동구 진황도로27다길 10,134864,05333,"","","",127.132398770285,37.5411185214923,POINT (127.132398770285 37.5411185214923)
MA010120220805419228,공차NC,불광점,I2,음식,I212,비알코올 ,I21201,카페,I56229,기타 비알코올 음료점업,11,서울특별시,11380,은평구,11380570,대조동,1138010600,대조동,1138010600102400000,1,대지,240,,서울특별시 은평구 대조동 240,113803111004,서울특별시 은평구 불광로,20,,1138010600102400000027764,에쓰,서울특별시 은평구 불광로 20,122837,03397,"",1,"",126.928943459079,37.6097370393823,POINT (126.928943459079 37.6097370393823)
MA010120220805420099,스토어51-6,"",G2,소매,G209,섬유·의복·신발 소매,G20911,가방 소매업,G47440,가방 및 기타 가죽제품 소매업,11,서울특별시,11260,중랑구,11260575,면목3.8동,1126010100,면목동,1126010100100510006,1,대지,51,6,서울특별시 중랑구 면목동 51-6,112604118526,서울특별시 중랑구 용마산로86길,9,3,1126010100100510006018238,"",서울특별시 중랑구 용마산로86길 9-3,131812,02192,"",1,"",127.095931631806,37.5865279375061,POINT (127.095931631806 37.5865279375061)
MA010120220805420104,행정사사무소청인[ASESORLEGALENCOREA],"",M1,과학·기술,M103,법무관련 ,M10306,행정사,M71109,기타 법무관련 서비스업,11,서울특별시,11500,강서구,11500611,발산1동,1150010500,마곡동,1150010500107990003,1,대지,799,3,서울특별시 강서구 마곡동 799-3,115002005007,서울특별시 강서구 공항대로,194,,1150010500107990003000001,문영퀸즈파크12차,서울특별시 강서구 공항대로 194,157210,07631,"",11,"",126.829043634836,37.558980825258,POINT (126.829043634836 37.558980825258)
MA010120220803914342,베비라,"",G2,소매,G209,섬유·의복·신발 소매,G20903,유아용 의류 소매업,G47417,유아용 의류 소매업,11,서울특별시,11290,성북구,11290760,장위1동,1129013800,장위동,1129013800102330031,1,대지,233,31,서울특별시 성북구 장위동 233-31,112903107013,서울특별시 성북구 장위로,110,,1129013800102330031013657,"",서울특별시 성북구 장위로 110,136837,02746,"",1,"",127.048747650311,37.6134964771316,POINT (127.048747650311 37.6134964771316)
MA010120220803915032,빠리미용실,"",S2,수리·개인,S207,이용·미용,S20701,미용실,S96112,두발 미용업,11,서울특별시,11290,성북구,11290760,장위1동,1129013800,장위동,1129013800102830052,1,대지,283,52,서울특별시 성북구 장위동 283-52,112904121060,서울특별시 성북구 돌곶이로37길,23,,1129013800102830052014427,장미원빌라2차,서울특별시 성북구 돌곶이로37길 23,136835,02756,"",1,"",127.047548928532,37.6163981490544,POINT (127.047548928532 37.6163981490544)
MA010120220804381095,인피니키친,"",I2,음식,I204,서양식,I20401,경양식,I56123,서양식 음식점업,11,서울특별시,11710,송파구,11710610,삼전동,1171010600,삼전동,1171010600101800003,1,대지,180,3,서울특별시 송파구 삼전동 180-3,117103123006,서울특별시 송파구 백제고분로,268,,1171010600101800003009343,세경빌딩,서울특별시 송파구 백제고분로 268,138841,05585,"",1,"",127.096095051598,37.5021942971101,POINT (127.096095051598 37.5021942971101)
MA010120220804443435,행텐키즈,"",G2,소매,G209,섬유·의복·신발 소매,G20905,기타 의류 소매업,G47419,기타 의복 소매업,11,서울특별시,11470,양천구,11470510,목1동,1147010200,목동,1147010200109170006,1,대지,917,6,서울특별시 양천구 목동 917-6,114703114001,서울특별시 양천구 목동동로,309,,1147010200109170006021225,행복한세상,서울특별시 양천구 목동동로 309,158721,07997,"",4,"",126.876005591962,37.5291443425945,POINT (126.876005591962 37.5291443425945)
MA010120220805207102,사누끼,"",I2,음식,I203,일식,I20301,일식 회/초밥,I56122,일식 음식점업,11,서울특별시,11740,강동구,11740525,상일1동,1174010300,상일동,1174010300105210000,1,대지,521,,서울특별시 강동구 상일동 521,117403124004,서울특별시 강동구 상일로,55,,1174010300101240000020680,고덕자이,서울특별시 강동구 상일로 55,134090,05275,"","","",127.168793195783,37.553316669461,POINT (127.168793195783 37.553316669461)
MA010120220805207599,선데이아보,"",I2,음식,I212,비알코올 ,I21201,카페,I56229,기타 비알코올 음료점업,11,서울특별시,11170,용산구,11170660,이태원2동,1117013000,이태원동,1117013000102600124,1,대지,260,124,서울특별시 용산구 이태원동 260-124,111704106487,서울특별시 용산구 회나무로13길,52,43,1117013000102600124007774,"",서울특별시 용산구 회나무로13길 52-43,140856,04342,"",1,"",126.991027010816,37.5416158724517,POINT (126.991027010816 37.5416158724517)
MA010120220805208121,서울리더스치과의원,"",Q1,보건의료,Q102,의원,Q10210,치과의원,Q86202,치과의원,11,서울특별시,11680,강남구,11680640,역삼1동,1168010100,역삼동,1168010100107010000,1,대지,701,,서울특별시 강남구 역삼동 701,116803005086,서울특별시 강남구 언주로,508,,1168010100107010000022644,서울상록회관,서울특별시 강남구 언주로 508,135706,06152,"",1,"",127.042908469993,37.5039645301203,POINT (127.042908469993 37.5039645301203)
MA010120220808822520,필라테스디아에르,"",P1,교육,P106,기타 교육,P10603,요가/필라테스 학원,P85612,기타 스포츠 교육기관,11,서울특별시,11650,서초구,11650520,서초2동,1165010800,서초동,1165010800113300004,1,대지,1330,4,서울특별시 서초구 서초동 1330-4,116504163433,서울특별시 서초구 서초대로74길,49,,1165010800113300004022557,아르누보씨티,서울특별시 서초구 서초대로74길 49,137858,06626,"",2,"",127.028145532833,37.493409176246,POINT (127.028145532833 37.493409176246)
MA010120220803921547,엄가네영양순대국,"",I2,음식,I201,한식,I20102,국/탕/찌개류,I56111,한식 일반 음식점업,11,서울특별시,11290,성북구,11290610,보문동,1129012700,보문동5가,1129012700102520002,1,대지,252,2,서울특별시 성북구 보문동5가 252-2,112903005003,서울특별시 성북구 보문로,71,,1129012700102520002039381,"",서울특별시 성북구 보문로 71,136085,02873,"",1,"",127.021148191604,37.5816546122387,POINT (127.021148191604 37.5816546122387)
MA010120220804878702,에이씨에스,"",N1,시설관리·임대,N102,청소·방제,N10202,산업설비; 운송장비 및 공공장소 청소업,N74212,산업설비; 운송장비 및 공공장소 청소업,11,서울특별시,11290,성북구,11290555,삼선동,1129011200,삼선동2가,1129011200102470000,1,대지,247,,서울특별시 성북구 삼선동2가 247,112904121251,서울특별시 성북구 삼선교로14길,77,,1129011200102470000049647,"",서울특별시 성북구 삼선교로14길 77,136042,02864,"",1,"",127.01059717926,37.5847644581764,POINT (127.01059717926 37.5847644581764)
MA010120220804044832,공익기술랩P.I.T,"",P1,교육,P107,교육 지원,P10701,교육컨설팅업,M71531,경영 컨설팅업,11,서울특별시,11620,관악구,11620735,대학동,1162010200,신림동,1162010200102330012,1,대지,233,12,서울특별시 관악구 신림동 233-12,116204160521,서울특별시 관악구 신림로3가길,45,8,1162010200102330012007157,"",서울특별시 관악구 신림로3가길 45-8,151858,08816,"","","",126.941907582314,37.4685754506602,POINT (126.941907582314 37.4685754506602)
MA010120220810399899,박씨네한옥,"",I1,숙박,I101,일반 숙박,I10102,여관/모텔,I55102,여관업,11,서울특별시,11140,중구,11140590,광희동,1114014900,을지로7가,1114014900100120000,1,대지,12,,서울특별시 중구 을지로7가 12,111403101011,서울특별시 중구 퇴계로,345,6,1114014900100120000014328,"",서울특별시 중구 퇴계로 345-6,100197,04565,"","","",127.01022085251,37.5649516185289,POINT (127.01022085251 37.5649516185289)
MA010120220812059780,엘림공인중개사사무소,"",L1,부동산,L102,부동산 서비스,L10203,부동산 중개/대리업,L68221,부동산 중개 및 대리업,11,서울특별시,11440,마포구,11440690,망원1동,1144012300,망원동,1144012300104040037,1,대지,404,37,서울특별시 마포구 망원동 404-37,114404139644,서울특별시 마포구 희우정로16길,51,,1144012300104040037014054,보타닉타운,서울특별시 마포구 희우정로16길 51,121822,04009,1,1,"",126.904652103528,37.5549395263589,POINT (126.904652103528 37.5549395263589)
MA010120220808822916,와이비소아청소년과의원건강식품,"",G2,소매,G205,식료품 소매,G20508,건강보조식품 소매업,G47217,건강 보조식품 소매업,11,서울특별시,11710,송파구,11710670,잠실2동,1171010100,잠실동,1171010100100220006,1,대지,22,6,서울특별시 송파구 잠실동 22-6,117103123023,서울특별시 송파구 올림픽로,145,,1171010100100220006000002,리센츠상가,서울특별시 송파구 올림픽로 145,138911,05502,"","","",127.087036369263,37.5119862305153,POINT (127.087036369263 37.5119862305153)
MA010120220809721466,아운드사무소,"",M1,과학·기술,M112,전문 디자인,M11201,인테리어 디자인업,M73201,인테리어 디자인업,11,서울특별시,11110,종로구,11110560,평창동,1111018300,평창동,1111018300103520004,1,대지,352,4,서울특별시 종로구 평창동 352-4,111104100487,서울특별시 종로구 평창11길,20,,1111018300103520004021511,미메시스아트하우스,서울특별시 종로구 평창11길 20,110847,03009,"",1,"",126.966035741013,37.6073479017131,POINT (126.966035741013 37.6073479017131)
MA010120220809845110,온타임필라테스,"",P1,교육,P106,기타 교육,P10603,요가/필라테스 학원,P85612,기타 스포츠 교육기관,11,서울특별시,11290,성북구,11290780,장위3동,1129013800,장위동,1129013800102030004,1,대지,203,4,서울특별시 성북구 장위동 203-4,112903107012,서울특별시 성북구 장월로,146,,1129013800102030004006731,닥터빌딩,서울특별시 성북구 장월로 146,136143,02766,"",5,"",127.051174348772,37.6177391048635,POINT (127.051174348772 37.6177391048635)
MA010120220811956480,올댓모델,"",N1,시설관리·임대,N104,고용 알선,N10403,상용 인력 공급 및 인사관리 서비스업,N75122,상용 인력 공급 및 인사관리 서비스업,11,서울특별시,11650,서초구,11650600,방배1동,1165010100,방배동,1165010100109260004,1,대지,926,4,서울특별시 서초구 방배동 926-4,116504163255,서울특별시 서초구 방배로19길,17,,1165010100109260004015215,"",서울특별시 서초구 방배로19길 17,137843,06682,"",3,"",126.994177050042,37.4849879627179,POINT (126.994177050042 37.4849879627179)
MA010120220811956820,아트,"",M1,과학·기술,M112,전문 디자인,M11202,제품 디자인업,M73202,제품 디자인업,11,서울특별시,11140,중구,11140520,소공동,1114016900,의주로1가,1114016900100320002,1,대지,32,2,서울특별시 중구 의주로1가 32-2,111403000008,서울특별시 중구 통일로,102,,1114016900100320002022798,바비엥,서울특별시 중구 통일로 102,100783,04517,"","","",126.968500124537,37.5643081514423,POINT (126.968500124537 37.5643081514423)
MA010120220812010248,서래셀부루,"",I2,음식,I211,주점,I21104,요리 주점,I56219,기타 주점업,11,서울특별시,11650,서초구,11650621,방배4동,1165010100,방배동,1165010100108130007,1,대지,813,7,서울특별시 서초구 방배동 813-7,116503121004,서울특별시 서초구 동광로,70,,1165010100108130007008789,"",서울특별시 서초구 동광로 70,137832,06562,"","","",126.990263945343,37.4925922112003,POINT (126.990263945343 37.4925922112003)
MA010120220809714416,석양식당,"",I2,음식,I204,서양식,I20401,경양식,I56123,서양식 음식점업,11,서울특별시,11620,관악구,11620595,청룡동,1162010100,봉천동,1162010100108940002,1,대지,894,2,서울특별시 관악구 봉천동 894-2,116204160718,서울특별시 관악구 청룡1길,19,,1162010100108940002035244,제,서울특별시 관악구 청룡1길 19,151841,08786,"",1,"",126.947471698148,37.4812462537119,POINT (126.947471698148 37.4812462537119)
MA010120220808798951,한올한올,"",S2,수리·개인,S207,이용·미용,S20702,피부 관리실,S96113,피부 미용업,11,서울특별시,11590,동작구,11590510,노량진1동,1159010400,본동,1159010400101900008,1,대지,190,8,서울특별시 동작구 본동 190-8,115903119003,서울특별시 동작구 매봉로,165,,1159010400101900008018857,"",서울특별시 동작구 매봉로 165,156801,06916,"",1,"",126.951623921181,37.5118552198883,POINT (126.951623921181 37.5118552198883)
MA010120220810435494,본죽&비빔밥,개봉점,I2,음식,I201,한식,I20101,백반/한정식,I56111,한식 일반 음식점업,11,서울특별시,11530,구로구,11530750,개봉2동,1153010700,개봉동,1153010700102030006,1,대지,203,6,서울특별시 구로구 개봉동 203-6,115304148301,서울특별시 구로구 남부순환로97길,11,,1153010700102030006000001,"",서울특별시 구로구 남부순환로97길 11,152809,08328,"",1,"",126.858377444214,37.4942556790588,POINT (126.858377444214 37.4942556790588)
MA010120220812092720,맛닭꼬무악재점,"",I2,음식,I210,기타 간이,I21006,치킨,I56193,치킨 전문점,11,서울특별시,11410,서대문구,11410620,홍제1동,1141011100,홍제동,1141011100100900015,1,대지,90,15,서울특별시 서대문구 홍제동 90-15,114103000008,서울특별시 서대문구 통일로,367,,1141011100100900015016365,"",서울특별시 서대문구 통일로 367,120853,03730,"",1,"",126.949709906301,37.5829522346528,POINT (126.949709906301 37.5829522346528)
MA010120220811509435,아아수혈,강남점,I2,음식,I212,비알코올 ,I21201,카페,I56221,커피 전문점,11,서울특별시,11680,강남구,11680521,논현1동,1168010800,논현동,1168010800101900006,1,대지,190,6,서울특별시 강남구 논현동 190-6,116804166115,서울특별시 강남구 논현로115길,11,,1168010800101900006027966,"",서울특별시 강남구 논현로115길 11,135826,06122,"",1,"",127.032042033453,37.5087613246213,POINT (127.032042033453 37.5087613246213)
MA010120220809084472,골드,"",I2,음식,I211,주점,I21104,요리 주점,I56219,기타 주점업,11,서울특별시,11215,광진구,11215840,자양3동,1121510500,자양동,1121510500105810004,1,대지,581,4,서울특별시 광진구 자양동 581-4,112153104011,서울특별시 광진구 자양번영로,31,,1121510500105810004012180,"",서울특별시 광진구 자양번영로 31,143864,05092,"",1,"",127.075191932187,37.5324741515863,POINT (127.075191932187 37.5324741515863)
MA010120220809835721,본래순대원효로점,"",I2,음식,I201,한식,I20102,국/탕/찌개류,I56111,한식 일반 음식점업,11,서울특별시,11170,용산구,11170560,원효로1동,1117011300,원효로2가,1117011300100910017,1,대지,91,17,서울특별시 용산구 원효로2가 91-17,111703102007,서울특별시 용산구 원효로,153,4,1117011300100910017019446,"",서울특별시 용산구 원효로 153-4,140847,04363,"",1,"",126.960196435512,37.5350952736271,POINT (126.960196435512 37.5350952736271)
MA010120220811991744,고야앤드미디어,"",M1,과학·기술,M105,광고,M10501,광고 대행업,M71310,광고 대행업,11,서울특별시,11680,강남구,11680650,역삼2동,1168010100,역삼동,1168010100107330008,1,대지,733,8,서울특별시 강남구 역삼동 733-8,116803122008,서울특별시 강남구 역삼로,215,,1168010100107330008024557,고야앤드미디어남국빌딩,서울특별시 강남구 역삼로 215,135514,06224,"",2,"",127.040597432293,37.4967843290704,POINT (127.040597432293 37.4967843290704)
MA010120220809721329,라푼젤헤어클럽,"",S2,수리·개인,S207,이용·미용,S20701,미용실,S96112,두발 미용업,11,서울특별시,11470,양천구,11470600,신월5동,1147010300,신월동,1147010300100590017,1,대지,59,17,서울특별시 양천구 신월동 59-17,114704142421,서울특별시 양천구 화곡로8길,5,,1147010300100590017010055,"",서울특별시 양천구 화곡로8길 5,158824,07904,"",1,"",126.829462802348,37.5389342348201,POINT (126.829462802348 37.5389342348201)
MA010120220805420729,맞닿음,"",I2,음식,I210,기타 간이,I21007,김밥/만두/분식,I56194,김밥 및 기타 간이 음식점업,11,서울특별시,11710,송파구,11710580,송파1동,1171010400,송파동,1171010400100560001,1,대지,56,1,서울특별시 송파구 송파동 56-1,117104169197,서울특별시 송파구 백제고분로45길,34,,1171010400100560001012305,호동방빌딩,서울특별시 송파구 백제고분로45길 34,138849,05618,"","","",127.108027282163,37.5106894725934,POINT (127.108027282163 37.5106894725934)
MA010120220804179708,법원구내복사실,"",N1,시설관리·임대,N107,사무 지원,N10703,복사업,N75912,복사업,11,서울특별시,11650,서초구,11650530,서초3동,1165010800,서초동,1165010800117010001,1,대지,1701,1,서울특별시 서초구 서초동 1701-1,116503121024,서울특별시 서초구 서초중앙로,157,,1165010800117010001000045,서울법원,서울특별시 서초구 서초중앙로 157,137735,06594,서관,"","",127.011127761771,37.4982684312787,POINT (127.011127761771 37.4982684312787)
MA010120220806631510,열매공인중개사사무소,"",L1,부동산,L102,부동산 서비스,L10203,부동산 중개/대리업,L68221,부동산 중개 및 대리업,11,서울특별시,11620,관악구,11620735,대학동,1162010200,신림동,1162010200102510021,1,대지,251,21,서울특별시 관악구 신림동 251-21,116204160320,서울특별시 관악구 대학7길,17,,1162010200102510021005840,"",서울특별시 관악구 대학7길 17,151859,08814,"",1,"",126.938697227898,37.4685197681533,POINT (126.938697227898 37.4685197681533)
MA010120220806632364,양프로의닭볶음탕&찜닭,"",I2,음식,I201,한식,I20110,닭/오리고기 구이/찜,I56111,한식 일반 음식점업,11,서울특별시,11500,강서구,11500611,발산1동,1150010600,내발산동,1150010600107000000,1,대지,700,,서울특별시 강서구 내발산동 700,115004145058,서울특별시 강서구 강서로47길,19,,1150010600107000000009017,발산시장,서울특별시 강서구 강서로47길 19,157833,07639,"",1,"",126.835090330166,37.552502249955,POINT (126.835090330166 37.552502249955)
MA010120220808813491,조영주필라테스,"",P1,교육,P106,기타 교육,P10603,요가/필라테스 학원,P85612,기타 스포츠 교육기관,11,서울특별시,11170,용산구,11170590,용문동,1117012000,도원동,1117012000100030009,1,대지,3,9,서울특별시 용산구 도원동 3-9,111704106131,서울특별시 용산구 새창로12길,11,13,1117012000100030009015114,"",서울특별시 용산구 새창로12길 11-13,140832,04356,"",지,"",126.958270837953,37.5389959406331,POINT (126.958270837953 37.5389959406331)
MA010120220807073320,네일하다,"",S2,수리·개인,S207,이용·미용,S20703,네일숍,S96119,기타 미용업,11,서울특별시,11740,강동구,11740560,고덕2동,1174010200,고덕동,1174010200102100001,1,대지,210,1,서울특별시 강동구 고덕동 210-1,117403124001,서울특별시 강동구 고덕로,399,,1174010200102100001018009,고덕센트럴푸르지오,서울특별시 강동구 고덕로 399,134801,05222,"",2,"",127.169685275448,37.5574419553858,POINT (127.169685275448 37.5574419553858)
MA010120220804050464,은결하다,"",S2,수리·개인,S207,이용·미용,S20701,미용실,S96112,두발 미용업,11,서울특별시,11500,강서구,11500603,가양1동,1150010500,마곡동,1150010500107730003,1,대지,773,3,서울특별시 강서구 마곡동 773-3,115002005007,서울특별시 강서구 공항대로,195,,1150010500107730003000001,힐스테이트에코동익,서울특별시 강서구 공항대로 195,157805,07801,"",2,"",126.829166053212,37.5598910084054,POINT (126.829166053212 37.5598910084054)
MA010120220807272437,파파존스피자이대,아현점,I2,음식,I210,기타 간이,I21004,버거,I56192,피자; 햄버거; 샌드위치 및 유사 음식점업,11,서울특별시,11410,서대문구,11410555,북아현동,1141011000,북아현동,1141011000102510050,1,대지,251,50,서울특별시 서대문구 북아현동 251-50,114103005057,서울특별시 서대문구 신촌로,207,,1141011000102510050027046,"",서울특별시 서대문구 신촌로 207,120822,03767,"",2,"",126.949150037942,37.5571745187781,POINT (126.949150037942 37.5571745187781)
MA010120220805099177,GS25문정비지니스B동점,"",G2,소매,G204,종합 소매,G20405,편의점,G47122,체인화 편의점,11,서울특별시,11710,송파구,11710642,문정2동,1171010800,문정동,1171010800106450000,1,대지,645,,서울특별시 송파구 문정동 645,117104853405,서울특별시 송파구 법원로11길,25,,1171010800103790007000001,현대지식산업센터,서울특별시 송파구 법원로11길 25,138888,05836,B,"","",127.116232783919,37.4849489526213,POINT (127.116232783919 37.4849489526213)
MA010120220806908023,믿음환경,"",N1,시설관리·임대,N102,청소·방제,N10201,건축물 일반 청소업,N74211,건축물 일반 청소업,11,서울특별시,11380,은평구,11380625,역촌동,1138010800,역촌동,1138010800100340015,1,대지,34,15,서울특별시 은평구 역촌동 34-15,113804133183,서울특별시 은평구 연서로4길,9,1,1138010800100340015018839,"",서울특별시 은평구 연서로4길 9-1,122898,03406,"","","",126.917104836899,37.6026114993553,POINT (126.917104836899 37.6026114993553)
MA010120220805102983,컴퓨터서비스,"",S2,수리·개인,S201,컴퓨터 수리,S20101,컴퓨터/노트북/프린터 수리업,S95110,컴퓨터 및 주변 기기 수리업,11,서울특별시,11170,용산구,11170625,한강로동,1117012800,한강로3가,1117012800100160091,1,대지,16,91,서울특별시 용산구 한강로3가 16-91,111703102008,서울특별시 용산구 이촌로,5,,1117012800100160091011448,한강그랜드오피스텔,서울특별시 용산구 이촌로 5,140879,04373,"",지,"",126.955050833585,37.5311200128408,POINT (126.955050833585 37.5311200128408)
MA010120220804923943,우리멋,"",G2,소매,G218,장식품 소매,G21802,기념품점,G47842,기념품; 관광 민예품 및 장식용품 소매업,11,서울특별시,11110,종로구,11110615,종로1.2.3.4가동,1111012800,관훈동,1111012800101980055,1,대지,198,55,서울특별시 종로구 관훈동 198-55,111104100254,서울특별시 종로구 인사동5길,21,,1111012800101980055017226,"",서울특별시 종로구 인사동5길 21,110300,03162,"",1,"",126.985170920708,37.5724474131278,POINT (126.985170920708 37.5724474131278)
MA010120220806515073,로즈마리,"",I1,숙박,I101,일반 숙박,I10102,여관/모텔,I55102,여관업,11,서울특별시,11710,송파구,11710650,잠실본동,1171010100,잠실동,1171010100101840016,1,대지,184,16,서울특별시 송파구 잠실동 184-16,117104169427,서울특별시 송파구 올림픽로12길,5,29,1171010100101840016001846,로즈마리,서울특별시 송파구 올림픽로12길 5-29,138861,05558,"","","",127.084535828035,37.5112221930886,POINT (127.084535828035 37.5112221930886)
MA010120220810602223,대청뼈다귀감자탕,"",I2,음식,I201,한식,I20101,백반/한정식,I56111,한식 일반 음식점업,11,서울특별시,11680,강남구,11680730,일원1동,1168011400,일원동,1168011400106660002,1,대지,666,2,서울특별시 강남구 일원동 666-2,116804166709,서울특별시 강남구 일원로9길,26,,1168011400106660002002743,"",서울특별시 강남구 일원로9길 26,135945,06343,"","","",127.08372018781,37.4898238863906,POINT (127.08372018781 37.4898238863906)
MA010120220809682904,양지식당,"",I2,음식,I201,한식,I20101,백반/한정식,I56111,한식 일반 음식점업,11,서울특별시,11110,종로구,11110630,종로5.6가동,1111016400,종로6가,1111016400102050001,1,대지,205,1,서울특별시 종로구 종로6가 205-1,111104100233,서울특별시 종로구 율곡로29길,4,,1111016400102050001011605,"",서울특별시 종로구 율곡로29길 4,110126,03099,"",지,"",127.006984521228,37.5739257695561,POINT (127.006984521228 37.5739257695561)
MA010120220812335511,은혜유통,"",G2,소매,G205,식료품 소매,G20504,건어물/젓갈 소매업,G47213,건어물 및 젓갈류 소매업,11,서울특별시,11410,서대문구,11410520,천연동,1141010800,영천동,1141010800103280000,1,대지,328,,서울특별시 서대문구 영천동 328,114103000008,서울특별시 서대문구 통일로,187,,1141010800103280000029555,영천시장,서울특별시 서대문구 통일로 187,120040,03734,"","","",126.962079481363,37.5701357065699,POINT (126.962079481363 37.5701357065699)
MA010120220812207276,고세롯데,노원점,G2,소매,G209,섬유·의복·신발 소매,G20910,신발 소매업,G47430,신발 소매업,11,서울특별시,11350,노원구,11350640,상계2동,1135010500,상계동,1135010500107130000,1,대지,713,,서울특별시 노원구 상계동 713,113503000001,서울특별시 노원구 동일로,1414,,1135010500107130000007605,"",서울특별시 노원구 동일로 1414,139708,01695,"",4,"",127.061399323311,37.6552782771043,POINT (127.061399323311 37.6552782771043)
MA010120220812207350,인생닭강정,"",I2,음식,I210,기타 간이,I21006,치킨,I56193,치킨 전문점,11,서울특별시,11590,동작구,11590630,사당2동,1159010700,사당동,1159010700100770067,1,대지,77,67,서울특별시 동작구 사당동 77-67,115904157128,서울특별시 동작구 동작대로29나길,32,,1159010700100770067012381,"",서울특별시 동작구 동작대로29나길 32,156815,06997,"",1,"",126.980811375469,37.489509608469,POINT (126.980811375469 37.489509608469)
MA010120220812207854,선피부샵,"",S2,수리·개인,S207,이용·미용,S20702,피부 관리실,S96113,피부 미용업,11,서울특별시,11560,영등포구,11560700,대림1동,1156013300,대림동,1156013300107580003,1,대지,758,3,서울특별시 영등포구 대림동 758-3,115604154260,서울특별시 영등포구 도림로54길,7,,1156013300107580003004827,"",서울특별시 영등포구 도림로54길 7,150905,07423,"",1,"",126.902669336631,37.4957150527689,POINT (126.902669336631 37.4957150527689)
MA010120220811585615,아이비엔,"",M1,과학·기술,M115,기타 전문 과학,M11504,사업/무형 재산권 중개업,M73903,사업 및 무형 재산권 중개업,11,서울특별시,11200,성동구,11200660,성수1가2동,1120011400,성수동1가,1120011400100140018,1,대지,14,18,서울특별시 성동구 성수동1가 14-18,112003000002,서울특별시 성동구 아차산로,49,,1120011400100140019000001,서울숲코오롱디지털타워3차,서울특별시 성동구 아차산로 49,133822,04790,"","","",127.050039466993,37.5467863571186,POINT (127.050039466993 37.5467863571186)
MA010120220810047208,별솔,"",I2,음식,I210,기타 간이,I21006,치킨,I56193,치킨 전문점,11,서울특별시,11140,중구,11140540,회현동,1114012400,충무로1가,1114012400100250008,1,대지,25,8,서울특별시 중구 충무로1가 25-8,111404103162,서울특별시 중구 명동8나길,47,,1114012400100250008019984,원당빌딩,서울특별시 중구 명동8나길 47,100011,04535,"",2,"",126.982275720898,37.5610674356877,POINT (126.982275720898 37.5610674356877)
MA010120220809085328,다울아이,"",P1,교육,P107,교육 지원,P10799,기타 교육지원 서비스업,P85709,기타 교육지원 서비스업,11,서울특별시,11740,강동구,11740700,둔촌2동,1174010600,둔촌동,1174010600104850006,1,대지,485,6,서울특별시 강동구 둔촌동 485-6,117404172223,서울특별시 강동구 양재대로100길,16,,1174010600104850006000600,라인빌딩,서울특별시 강동구 양재대로100길 16,134822,05363,"",지,"",127.138932582072,37.5315964563985,POINT (127.138932582072 37.5315964563985)
MA010120220809213832,정든,"",N1,시설관리·임대,N104,고용 알선,N10402,임시/일용 인력 공급업,N75121,임시 및 일용 인력 공급업,11,서울특별시,11170,용산구,11170625,한강로동,1117012400,한강로1가,1117012400100500001,1,대지,50,1,서울특별시 용산구 한강로1가 50-1,111702005005,서울특별시 용산구 한강대로,205,,1117012400100500001028323,용산파크자이,서울특별시 용산구 한강대로 205,140752,04322,"",5,"",126.972584977327,37.5366575304205,POINT (126.972584977327 37.5366575304205)
MA010120220809983459,압구정부대찌개&닭갈비,"",I2,음식,I201,한식,I20110,닭/오리고기 구이/찜,I56113,한식 육류 요리 전문점,11,서울특별시,11140,중구,11140625,다산동,1114016200,신당동,1114016200103740015,1,대지,374,15,서울특별시 중구 신당동 374-15,111404103089,서울특별시 중구 동호로12길,6,,1114016200103740015009301,"",서울특별시 중구 동호로12길 6,100834,04607,"",2,"",127.010660948183,37.5555722018306,POINT (127.010660948183 37.5555722018306)
MA010120220809984594,에스피이엔지,"",M1,과학·기술,M109,기술 서비스,M10903,건물 및 토목 엔지니어링 서비스업,M72121,건물 및 토목 엔지니어링 서비스업,11,서울특별시,11230,동대문구,11230705,청량리동,1123010700,청량리동,1123010700102050269,1,대지,205,269,서울특별시 동대문구 청량리동 205-269,112304115477,서울특별시 동대문구 제기로21길,59,13,1123010700102050078011983,"",서울특별시 동대문구 제기로21길 59-13,130868,02469,"","","",127.040964633008,37.5892537795813,POINT (127.040964633008 37.5892537795813)
MA010120220812379468,행운상회,"",I2,음식,I211,주점,I21104,요리 주점,I56219,기타 주점업,11,서울특별시,11680,강남구,11680670,개포2동,1168010300,개포동,1168010300101860001,1,대지,186,1,서울특별시 강남구 개포동 186-1,116803122005,서울특별시 강남구 삼성로,38,,1168010300101860001019917,개포빌딩,서울특별시 강남구 삼성로 38,135994,06329,"",1,"",127.066837191944,37.4886903642076,POINT (127.066837191944 37.4886903642076)
MA010120220812269343,찬성통신,"",G2,소매,G208,가전·통신 소매,G20802,핸드폰 소매업,G47312,통신기기 소매업,11,서울특별시,11530,구로구,11530730,고척2동,1153010600,고척동,1153010600101940015,1,대지,194,15,서울특별시 구로구 고척동 194-15,115303116003,서울특별시 구로구 고척로,234,,1153010600101940015011235,"",서울특별시 구로구 고척로 234,152831,08228,"",1,"",126.859056360436,37.5060596615736,POINT (126.859056360436 37.5060596615736)
MA010120220806747626,차이나,"",I2,음식,I202,중식,I20201,중국집,I56121,중식 음식점업,11,서울특별시,11560,영등포구,11560700,대림1동,1156013300,대림동,1156013300108630010,1,대지,863,10,서울특별시 영등포구 대림동 863-10,115603000026,서울특별시 영등포구 디지털로,396,1,1156013300108630010005077,"",서울특별시 영등포구 디지털로 396-1,150818,07438,"",7,"",126.903047344105,37.4919761856692,POINT (126.903047344105 37.4919761856692)
MA010120220804319037,S호텔,"",I1,숙박,I101,일반 숙박,I10102,여관/모텔,I55102,여관업,11,서울특별시,11260,중랑구,11260620,묵1동,1126010400,묵동,1126010400101680011,1,대지,168,11,서울특별시 중랑구 묵동 168-11,112603000001,서울특별시 중랑구 동일로,964,,1126010400101680011009109,"",서울특별시 중랑구 동일로 964,131848,02018,"","","",127.076726219927,37.6164548645324,POINT (127.076726219927 37.6164548645324)
MA010120220805150449,드림,"",N1,시설관리·임대,N105,여행사·보조,N10501,여행사,N75210,여행사업,11,서울특별시,11680,강남구,11680640,역삼1동,1168010100,역삼동,1168010100108370011,1,대지,837,11,서울특별시 강남구 역삼동 837-11,116802102001,서울특별시 강남구 강남대로,310,,1168010100108370011026072,유니온센터,서울특별시 강남구 강남대로 310,135754,06253,"","","",127.03148036199,37.4909756150256,POINT (127.03148036199 37.4909756150256)
MA010120220810129720,매트스튜디오,"",M1,과학·기술,M112,전문 디자인,M11203,시각 디자인업,M73203,시각 디자인업,11,서울특별시,11500,강서구,11500591,화곡6동,1150010300,화곡동,1150010300109660015,1,대지,966,15,서울특별시 강서구 화곡동 966-15,115004145258,서울특별시 강서구 까치산로18길,17,7,1150010300109660015000001,가성아트빌,서울특별시 강서구 까치산로18길 17-7,157913,07662,B,1,"",126.850208403547,37.5474858197066,POINT (126.850208403547 37.5474858197066)
MA010120220811794022,상생통,"",G2,소매,G208,가전·통신 소매,G20802,핸드폰 소매업,G47312,통신기기 소매업,11,서울특별시,11260,중랑구,11260655,망우본동,1126010500,망우동,1126010500104010011,1,대지,401,11,서울특별시 중랑구 망우동 401-11,112604118475,서울특별시 중랑구 용마산로112가길,29,,1126010500104010011005051,"",서울특별시 중랑구 용마산로112가길 29,131805,02176,"",1,"",127.102445662582,37.5976046612803,POINT (127.102445662582 37.5976046612803)
MA010120220810011999,리스펙트기무라주짓수,"",P1,교육,P106,기타 교육,P10601,태권도/무술학원,P85611,태권도 및 무술 교육기관,11,서울특별시,11530,구로구,11530740,개봉1동,1153010700,개봉동,1153010700103530004,1,대지,353,4,서울특별시 구로구 개봉동 353-4,115303116001,서울특별시 구로구 개봉로,124,,1153010700103530004006783,"",서울특별시 구로구 개봉로 124,152091,08277,"",2,"",126.856744281872,37.4967675169173,POINT (126.856744281872 37.4967675169173)
MA010120220810042942,디어컴퍼니,"",M1,과학·기술,M105,광고,M10501,광고 대행업,M71310,광고 대행업,11,서울특별시,11290,성북구,11290770,장위2동,1129013800,장위동,1129013800100650192,1,대지,65,192,서울특별시 성북구 장위동 65-192,112903005046,서울특별시 성북구 화랑로,219,,1129013800100650192011593,우남빌딩,서울특별시 성북구 화랑로 219,136828,02772,"",3,"",127.053898161977,37.6095118659337,POINT (127.053898161977 37.6095118659337)
MA010120220810106411,한국커피자격검정협회,"",P1,교육,P107,교육 지원,P10701,교육컨설팅업,P85701,교육관련 자문 및 평가업,11,서울특별시,11380,은평구,11380632,신사2동,1138010900,신사동,1138010900100390035,1,대지,39,35,서울특별시 은평구 신사동 39-35,113803005053,서울특별시 은평구 가좌로,287,,1138010900100390035013628,명진스위트빌,서울특별시 은평구 가좌로 287,122883,03441,"",1,"",126.912166426141,37.5937782172832,POINT (126.912166426141 37.5937782172832)
MA010120220811876759,뷰런티어,"",G2,소매,G215,의약·화장품 소매,G21502,의료기기 소매업,G47812,의료용 기구 소매업,11,서울특별시,11650,서초구,11650620,방배3동,1165010100,방배동,1165010100110380000,1,대지,1038,,서울특별시 서초구 방배동 1038,116503121021,서울특별시 서초구 효령로,92,,1165010100110380000010500,대우효령아파트,서울특별시 서초구 효령로 92,137934,06696,"",2,"",126.994595745099,37.4801675855923,POINT (126.994595745099 37.4801675855923)
MA010120220811705333,호말커피,"",I2,음식,I212,비알코올 ,I21201,카페,I56221,커피 전문점,11,서울특별시,11200,성동구,11200550,사근동,1120010700,행당동,1120010700100190104,1,대지,19,104,서울특별시 성동구 행당동 19-104,112003103002,서울특별시 성동구 마조로,15,16,1120010700100190104019762,"",서울특별시 성동구 마조로 15-16,133817,04760,"",1,"",127.040155667508,37.5587283554053,POINT (127.040155667508 37.5587283554053)
MA010120220812476488,플라자바버샵,"",S2,수리·개인,S207,이용·미용,S20701,미용실,S96111,이용업,11,서울특별시,11140,중구,11140520,소공동,1114011100,소공동,1114011100101110005,1,대지,111,5,서울특별시 중구 소공동 111-5,111403101004,서울특별시 중구 소공로,109,,1114011100101100000022270,한화빌딩,서울특별시 중구 소공로 109,100755,04525,"",16,"",126.97855114166,37.5641932757601,POINT (126.97855114166 37.5641932757601)
MA010120220810065831,차동석행정사사무소,"",M1,과학·기술,M103,법무관련 ,M10306,행정사,M71109,기타 법무관련 서비스업,11,서울특별시,11545,금천구,11545510,가산동,1154510100,가산동,1154510100103450019,1,대지,345,19,서울특별시 금천구 가산동 345-19,115453117001,서울특별시 금천구 가산디지털1로,75,15,1154510100103450019015153,가산하우스디와이즈타워,서울특별시 금천구 가산디지털1로 75-15,153802,08592,"",12,"",126.884205084005,37.4722992174577,POINT (126.884205084005 37.4722992174577)
MA010120220811193216,안경백서,목동점,G2,소매,G216,안경·정밀기기 소매,G21602,안경렌즈 소매업,G47822,안경 및 렌즈 소매업,11,서울특별시,11470,양천구,11470510,목1동,1147010200,목동,1147010200104060183,1,대지,406,183,서울특별시 양천구 목동 406-183,114703114014,서울특별시 양천구 오목로,287,,1147010200104060183021311,일부,서울특별시 양천구 오목로 287,158806,07993,"",1,"",126.869416013384,37.5256413551913,POINT (126.869416013384 37.5256413551913)
MA010120220806136978,엔와이씨코퍼레이션,"",M1,과학·기술,M107,본사·경영 컨설팅,M10703,경영 컨설팅업,M71531,경영 컨설팅업,11,서울특별시,11530,구로구,11530540,구로3동,1153010200,구로동,1153010200102120030,1,대지,212,30,서울특별시 구로구 구로동 212-30,115303000026,서울특별시 구로구 디지털로,273,,1153010200102120030026825,에이스트윈타워2차,서울특별시 구로구 디지털로 273,152779,08381,"","","",126.894102926353,37.4839585496172,POINT (126.894102926353 37.4839585496172)
MA010120220803853820,웰빙바디풋샵,"",S2,수리·개인,S208,욕탕·신체관리,S20802,마사지/안마,S96122,마사지업,11,서울특별시,11590,동작구,11590630,사당2동,1159010700,사당동,1159010700101440016,1,대지,144,16,서울특별시 동작구 사당동 144-16,115904157118,서울특별시 동작구 동작대로25길,41,,1159010700101440016009472,"",서울특별시 동작구 동작대로25길 41,156816,07008,"",2,"",126.980247109658,37.4853198281073,POINT (126.980247109658 37.4853198281073)
MA010120220804374380,소문난손만두,"",I2,음식,I210,기타 간이,I21007,김밥/만두/분식,I56194,김밥 및 기타 간이 음식점업,11,서울특별시,11350,노원구,11350640,상계2동,1135010500,상계동,1135010500103890235,1,대지,389,235,서울특별시 노원구 상계동 389-235,113504130285,서울특별시 노원구 상계로27길,23,,1135010500103890235007024,"",서울특별시 노원구 상계로27길 23,139818,01684,"",1,"",127.069981938389,37.6594720732791,POINT (127.069981938389 37.6594720732791)
MA010120220803775615,한솔식당,"",I2,음식,I201,한식,I20101,백반/한정식,I56111,한식 일반 음식점업,11,서울특별시,11215,광진구,11215710,화양동,1121510700,화양동,1121510700100200025,1,대지,20,25,서울특별시 광진구 화양동 20-25,112154112004,서울특별시 광진구 광나루로12길,19,,1121510700100200025021290,"",서울특별시 광진구 광나루로12길 19,143916,05007,"","","",127.067590572915,37.5467325652044,POINT (127.067590572915 37.5467325652044)
MA010120220804576142,자이온광고기획,"",M1,과학·기술,M105,광고,M10599,기타 광고 관련 서비스업,M71399,그 외 기타 광고 관련 서비스업,11,서울특별시,11620,관악구,11620665,서림동,1162010200,신림동,1162010200101030280,1,대지,103,280,서울특별시 관악구 신림동 103-280,116204160452,서울특별시 관악구 서림5길,16,,1162010200101030280019019,"",서울특별시 관악구 서림5길 16,151856,08840,"","","",126.939699611557,37.4731154372463,POINT (126.939699611557 37.4731154372463)
MA010120220807132467,지코바,시흥점,I2,음식,I210,기타 간이,I21006,치킨,I56193,치킨 전문점,11,서울특별시,11545,금천구,11545700,시흥4동,1154510300,시흥동,1154510300108190007,1,대지,819,7,서울특별시 금천구 시흥동 819-7,115453117004,서울특별시 금천구 독산로,90,,1154510300108190007002872,"",서울특별시 금천구 독산로 90,153855,08570,"",1,"",126.90604453349,37.4553435474057,POINT (126.90604453349 37.4553435474057)
MA010120220805422171,알파우면점,"",G2,소매,G213,오락용품 소매,G21302,문구/회화용품 소매업,G47612,문구용품 및 회화용품 소매업,11,서울특별시,11650,서초구,11650651,양재1동,1165010300,우면동,1165010300107210001,1,대지,721,1,서울특별시 서초구 우면동 721-1,116503121020,서울특별시 서초구 태봉로,70,,1165010300101510004000001,우면프라자,서울특별시 서초구 태봉로 70,137131,06764,"",1,"",127.0255913936,37.4645414186235,POINT (127.0255913936 37.4645414186235)
MA010120220811215262,네일다움,"",S2,수리·개인,S207,이용·미용,S20703,네일숍,S96119,기타 미용업,11,서울특별시,11305,강북구,11305545,송중동,1130510100,미아동,1130510100100720005,1,대지,72,5,서울특별시 강북구 미아동 72-5,113054124062,서울특별시 강북구 도봉로10길,38,,1130510100100720005028796,"",서울특별시 강북구 도봉로10길 38,142804,01216,"",2,"",127.031033954046,37.6143764238778,POINT (127.031033954046 37.6143764238778)
MA010120220812062381,전국열쇠홈플러스,잠실점,G2,소매,G210,철물·건설자재 소매,G21001,철물/공구 소매업,G47511,철물 및 난방용구 소매업,11,서울특별시,11710,송파구,11710710,잠실6동,1171010200,신천동,1171010200100070012,1,대지,7,12,서울특별시 송파구 신천동 7-12,117104169551,서울특별시 송파구 올림픽로35가길,16,,1171010200100070012000001,홈플러스잠실점,서울특별시 송파구 올림픽로35가길 16,138934,05510,"",1,"",127.10300172445,37.5162531545361,POINT (127.10300172445 37.5162531545361)
MA010120220810801329,법률사무소장원,"",M1,과학·기술,M103,법무관련 ,M10301,변호사,M71101,변호사업,11,서울특별시,11440,마포구,11440565,공덕동,1144010100,아현동,1144010100104240014,1,대지,424,14,서울특별시 마포구 아현동 424-14,114404139147,서울특별시 마포구 마포대로16길,7,,1144010100104240014000640,영지빌딩,서울특별시 마포구 마포대로16길 7,121861,04205,"",4,"",126.956487448007,37.5509695760618,POINT (126.956487448007 37.5509695760618)
MA010120220811676067,빌리엔젤,압구정역점,I2,음식,I210,기타 간이,I21001,빵/도넛,I56191,제과점업,11,서울특별시,11680,강남구,11680545,압구정동,1168010700,신사동,1168010700105960013,1,대지,596,13,서울특별시 강남구 신사동 596-13,116804166155,서울특별시 강남구 논현로164길,26,,1168010700105960013010726,"",서울특별시 강남구 논현로164길 26,135893,06025,"",1,"",127.030294722983,37.5230697237797,POINT (127.030294722983 37.5230697237797)
MA010120220811676689,디쉐어에이닷,은평지점,P1,교육,P105,일반 교육,P10501,입시·교과학원,P85501,일반 교과학원,11,서울특별시,11380,은평구,11380625,역촌동,1138010800,역촌동,1138010800100010001,1,대지,1,1,서울특별시 은평구 역촌동 1-1,113803000007,서울특별시 은평구 서오릉로,139,,1138010800100010001018728,주영빌딩,서울특별시 은평구 서오릉로 139,122895,03398,"","","",126.917480781709,37.6108377974726,POINT (126.917480781709 37.6108377974726)
MA010120220807982170,케이앤제이,"",M1,과학·기술,M112,전문 디자인,M11204,패션/섬유/기타 전문 디자인업,M73209,패션; 섬유류 및 기타 전문 디자인업,11,서울특별시,11710,송파구,11710540,마천1동,1171011400,마천동,1171011400103090045,1,대지,309,45,서울특별시 송파구 마천동 309-45,117104169123,서울특별시 송파구 마천로61다길,8,,1171011400103090045020421,명칭없음,서울특별시 송파구 마천로61다길 8,138821,05759,1,4,"",127.152941278198,37.4939262160087,POINT (127.152941278198 37.4939262160087)
MA010120220810071748,춘리,"",I2,음식,I202,중식,I20201,중국집,I56121,중식 음식점업,11,서울특별시,11710,송파구,11710590,송파2동,1171010400,송파동,1171010400101950006,1,대지,195,6,서울특별시 송파구 송파동 195-6,117104169341,서울특별시 송파구 송파대로38길,2,9,1171010400101950006012028,"",서울특별시 송파구 송파대로38길 2-9,138854,05676,"",2,"",127.112445207004,37.5001435928908,POINT (127.112445207004 37.5001435928908)
MA010120220810322295,사진세공사,"",M1,과학·기술,M113,사진 촬영,M11301,사진촬영업,M73301,인물 사진 및 행사용 영상 촬영업,11,서울특별시,11440,마포구,11440740,상암동,1144012700,상암동,1144012700100330001,1,대지,33,1,서울특별시 마포구 상암동 33-1,114404139543,서울특별시 마포구 월드컵북로44길,33,,1144012700100330001018697,"",서울특별시 마포구 월드컵북로44길 33,121830,03930,"",1,"",126.895489261976,37.5762853696629,POINT (126.895489261976 37.5762853696629)
MA010120220810328842,쇼유식당,"",I2,음식,I203,일식,I20301,일식 회/초밥,I56122,일식 음식점업,11,서울특별시,11680,강남구,11680640,역삼1동,1168010100,역삼동,1168010100107000033,1,대지,700,33,서울특별시 강남구 역삼동 700-33,116804166739,서울특별시 강남구 테헤란로43길,17,,1168010100107000033022525,"",서울특별시 강남구 테헤란로43길 17,135513,06147,"","","",127.043666467434,37.5044057450112,POINT (127.043666467434 37.5044057450112)
MA010120220809398016,디에스스튜디오,"",M1,과학·기술,M113,사진 촬영,M11301,사진촬영업,M73301,인물 사진 및 행사용 영상 촬영업,11,서울특별시,11680,강남구,11680640,역삼1동,1168010100,역삼동,1168010100106720030,1,대지,672,30,서울특별시 강남구 역삼동 672-30,116804166623,서울특별시 강남구 언주로93길,32,3,1168010100106720030022875,"",서울특별시 강남구 언주로93길 32-3,135915,06139,"",2,"",127.039209952617,37.5034071922404,POINT (127.039209952617 37.5034071922404)
MA010120220812046854,라온씨엔아이,"",M1,과학·기술,M107,본사·경영 컨설팅,M10703,경영 컨설팅업,M71531,경영 컨설팅업,11,서울특별시,11545,금천구,11545510,가산동,1154510100,가산동,1154510100103710016,1,대지,371,16,서울특별시 금천구 가산동 371-16,115453117001,서울특별시 금천구 가산디지털1로,137,,1154510100103710016000002,IT캐슬2차,서울특별시 금천구 가산디지털1로 137,153803,08506,"",19,"",126.881935698433,37.4776579779848,POINT (126.881935698433 37.4776579779848)
MA010120220810213736,바다어시장,"",I2,음식,I201,한식,I20111,횟집,I56114,한식 해산물 요리 전문점,11,서울특별시,11530,구로구,11530740,개봉1동,1153010700,개봉동,1153010700101410080,1,대지,141,80,서울특별시 구로구 개봉동 141-80,115304148092,서울특별시 구로구 경인로35길,67,,1153010700101410080006541,"",서울특별시 구로구 경인로35길 67,152805,08238,"",1,"",126.852837743324,37.4993756314954,POINT (126.852837743324 37.4993756314954)
MA010120220810214381,넷츠프리,"",P1,교육,P107,교육 지원,P10799,기타 교육지원 서비스업,P85709,기타 교육지원 서비스업,11,서울특별시,11650,서초구,11650610,방배2동,1165010100,방배동,1165010100104490009,1,대지,449,9,서울특별시 서초구 방배동 449-9,116504163164,서울특별시 서초구 방배천로4길,28,,1165010100104490009013777,"",서울특별시 서초구 방배천로4길 28,137818,06693,"",2,"",126.984093035399,37.4776257920707,POINT (126.984093035399 37.4776257920707)
MA010120220810269398,어썸메이크업,"",S2,수리·개인,S207,이용·미용,S20701,미용실,S96112,두발 미용업,11,서울특별시,11200,성동구,11200660,성수1가2동,1120011400,성수동1가,1120011400106680100,1,대지,668,100,서울특별시 성동구 성수동1가 668-100,112004109320,서울특별시 성동구 서울숲6길,10,,1120011400106680100027651,"",서울특별시 성동구 서울숲6길 10,133824,04768,"",1,"",127.042695840923,37.5476181597018,POINT (127.042695840923 37.5476181597018)
MA010120220803776187,다니엘의원,"",Q1,보건의료,Q102,의원,Q10204,피부/비뇨기과 의원,Q86201,일반의원,11,서울특별시,11200,성동구,11200690,성수2가3동,1120011500,성수동2가,1120011500102890010,1,대지,289,10,서울특별시 성동구 성수동2가 289-10,112003103003,서울특별시 성동구 성수이로,113,,1120011500102890010005146,제강빌딩,서울특별시 성동구 성수이로 113,133834,04794,"",5,"",127.05713336076,37.545143319715,POINT (127.05713336076 37.545143319715)
MA010120220811881156,원당감자탕,"",I2,음식,I201,한식,I20102,국/탕/찌개류,I56111,한식 일반 음식점업,11,서울특별시,11140,중구,11140680,중림동,1114017100,중림동,1114017100101280015,1,대지,128,15,서울특별시 중구 중림동 128-15,111403101007,서울특별시 중구 중림로,47,,1114017100101280015000740,"",서울특별시 중구 중림로 47,100858,04507,"",1,"",126.968355866532,37.5574875672722,POINT (126.968355866532 37.5574875672722)
MA010120220809777602,건축사사무소아키드,"",M1,과학·기술,M109,기술 서비스,M10901,건축 설계 및 관련 서비스업,M72111,건축 설계 및 관련 서비스업,11,서울특별시,11440,마포구,11440660,서교동,1144012000,서교동,1144012000104770028,1,대지,477,28,서울특별시 마포구 서교동 477-28,114404139482,서울특별시 마포구 월드컵로10길,37,,1144012000104770028011474,서진빌딩,서울특별시 마포구 월드컵로10길 37,121896,04003,"",4,"",126.913569676621,37.555306789816,POINT (126.913569676621 37.555306789816)
MA010120220806409334,엔씨백화점오조크,불광점,G2,소매,G209,섬유·의복·신발 소매,G20902,여성 의류 소매업,G47412,여자용 겉옷 소매업,11,서울특별시,11380,은평구,11380570,대조동,1138010600,대조동,1138010600102400000,1,대지,240,,서울특별시 은평구 대조동 240,113803111004,서울특별시 은평구 불광로,20,,1138010600102400000027764,NC백화점,서울특별시 은평구 불광로 20,122837,03397,"",3,"",126.928943459079,37.6097370393823,POINT (126.928943459079 37.6097370393823)
MA010120220806409614,강남건축인테리어,"",M1,과학·기술,M112,전문 디자인,M11201,인테리어 디자인업,F42412,도배; 실내 장식 및 내장 목공사업,11,서울특별시,11590,동작구,11590540,상도2동,1159010200,상도동,1159010200103610116,1,대지,361,116,서울특별시 동작구 상도동 361-116,115904157322,서울특별시 동작구 상도로15마길,8,,1159010200103610116027310,"",서울특별시 동작구 상도로15마길 8,156832,06950,"","","",126.934303567777,37.5030530492893,POINT (126.934303567777 37.5030530492893)
MA010120220807206935,커피하랑,"",I2,음식,I212,비알코올 ,I21201,카페,I56221,커피 전문점,11,서울특별시,11440,마포구,11440740,상암동,1144012700,상암동,1144012700116010000,1,대지,1601,,서울특별시 마포구 상암동 1601,114403113019,서울특별시 마포구 월드컵북로,402,,1144012700101820008028898,케이지아이티센터,서울특별시 마포구 월드컵북로 402,121913,03925,"",1,"",126.888985628181,37.5801086561218,POINT (126.888985628181 37.5801086561218)
MA010120220803775831,이슬모바일,"",G2,소매,G208,가전·통신 소매,G20802,핸드폰 소매업,G47312,통신기기 소매업,11,서울특별시,11215,광진구,11215870,구의3동,1121510300,구의동,1121510300105460004,1,대지,546,4,서울특별시 광진구 구의동 546-4,112154112040,서울특별시 광진구 광나루로56길,85,,1121510300105460004009814,테크노-마트,서울특별시 광진구 광나루로56길 85,143721,05116,D,6,"",127.095696795724,37.5357209382758,POINT (127.095696795724 37.5357209382758)
MA010120220803776076,예인피부과,"",Q1,보건의료,Q102,의원,Q10204,피부/비뇨기과 의원,Q86201,일반의원,11,서울특별시,11215,광진구,11215750,중곡2동,1121510100,중곡동,1121510100101570004,1,대지,157,4,서울특별시 광진구 중곡동 157-4,112152000008,서울특별시 광진구 천호대로,561,,1121510100101570004002904,"",서울특별시 광진구 천호대로 561,143898,04929,"",3,"",127.080671758771,37.5571128593094,POINT (127.080671758771 37.5571128593094)
MA010120220803776297,이성훈한의원,"",Q1,보건의료,Q102,의원,Q10211,한의원,Q86203,한의원,11,서울특별시,11200,성동구,11200645,옥수동,1120011300,옥수동,1120011300104360000,1,대지,436,,서울특별시 성동구 옥수동 436,112003005014,서울특별시 성동구 독서당로,173,,1120011300104360000010352,극동그린아파트,서울특별시 성동구 독서당로 173,133759,04732,"",2,"",127.010907888152,37.541561649589,POINT (127.010907888152 37.541561649589)
MA010120220805481702,아이조아,"",S2,수리·개인,S207,이용·미용,S20703,네일숍,S96119,기타 미용업,11,서울특별시,11440,마포구,11440690,망원1동,1144012300,망원동,1144012300104010011,1,대지,401,11,서울특별시 마포구 망원동 401-11,114404139205,서울특별시 마포구 망원로8길,55,,1144012300104010011027421,구앤윤브릭하우스,서울특별시 마포구 망원로8길 55,121820,04014,"",1,"",126.906417559757,37.5549679687476,POINT (126.906417559757 37.5549679687476)
MA010120220804054590,건설계약연구원,"",M1,과학·기술,M109,기술 서비스,M10903,건물 및 토목 엔지니어링 서비스업,M72121,건물 및 토목 엔지니어링 서비스업,11,서울특별시,11380,은평구,11380690,진관동,1138011400,진관동,1138011400101000003,1,대지,100,3,서울특별시 은평구 진관동 100-3,113803000008,서울특별시 은평구 통일로,1010,,1138011400101000003000001,아이파크포레스트게이트,서울특별시 은평구 통일로 1010,122200,03311,B,12,"",126.918578083735,37.6327956190391,POINT (126.918578083735 37.6327956190391)
MA010120220806347895,메디제이,"",G2,소매,G215,의약·화장품 소매,G21502,의료기기 소매업,G47812,의료용 기구 소매업,11,서울특별시,11500,강서구,11500603,가양1동,1150010500,마곡동,1150010500107740008,1,대지,774,8,서울특별시 강서구 마곡동 774-8,115003155054,서울특별시 강서구 마곡중앙6로,40,,1150010500107740008000001,장흥빌딩,서울특별시 강서구 마곡중앙6로 40,157805,07802,"",10,"",126.831530979089,37.5601286655204,POINT (126.831530979089 37.5601286655204)
MA010120220807133713,심리상담센터오늘,"",Q1,보건의료,Q104,기타 보건,Q10402,유사 의료업,Q86902,유사 의료업,11,서울특별시,11650,서초구,11650530,서초3동,1165010800,서초동,1165010800115790007,1,대지,1579,7,서울특별시 서초구 서초동 1579-7,116503121014,서울특별시 서초구 사임당로,25,,1165010800115790007020917,궁본빌딩,서울특별시 서초구 사임당로 25,137875,06650,"",3,"",127.012822312358,37.4880057878475,POINT (127.012822312358 37.4880057878475)
